chunk_id,label,confidence,polarity,parsed_value,chunk_text,verdict,note,sample,parser_version
matadero_madrid_cd982f2fa6f8_3,AGE,0.645734429359436,UNCLEAR,"{""min_age"": 18}","Project leaders must be of legal age, capable of acting, and in possession of the necessary administrative authorizations to stay in Spain during the research project, and must not be subject to any of the prohibitions on contracting established in Article 71 of the Public Sector Contracts Law.",correct,"polarity UNCLEAR, so CHECK anyway",dev (seed 2026),v2
fpu_slovakia_a7fd71d13fd3_0,AGE,0.638205409049987,REQUIRES,"{""min_age"": 18, ""max_age"": 26}","Eligible applicants are legal entities and natural persons operating in the field of art and culture, aged 18–26 years.",correct,,dev (seed 2026),v2
matadero_madrid_842ddf06c95d_3,AGE,0.6691266298294061,REQUIRES,"{""min_age"": 18}","Only natural persons of legal age, with the capacity to act and who are not subject to any of the prohibitions to contract set forth in article 71 of the Public Sector Contracts Act may apply.",correct,,dev (seed 2026),v2
kunsten_be_flanders_1fb6db149626_2,AGE,0.9924739003181452,REQUIRES,"{""min_age"": 45}",The leader can be older than 45.,too strict,"'can be older than 45' is a permission, not a minimum",dev (seed 2026),v2
petofi_kulturalis_ugynokseg_hungary_79882162987c_0,AGE,0.9264473915100092,REQUIRES,"{""max_age"": 29}","talented performing and creative artists under 30 years of age, as well as choreographers under 40 years of age, and those engaged in dance studies – theoretical, arts criticism/writing, pedagogical activities –",too strict,two limits for two groups (under 30 / choreographers under 40),dev (seed 2026),v2
kunsten_be_flanders_a851810c4e3c_0,AGE,0.7511715888977051,REQUIRES,"{""max_age"": 34}","Artists, duos and collectives under 35 years old and based in Belgium can apply.",correct,,dev (seed 2026),v2
villa_arson_184a7d44f070_0,AGE,0.913967132568359,REQUIRES,"{""max_age"": 29}","It is intended for a photographic artist, under 30 years old, living and working in the Caribbean region.",correct,,dev (seed 2026),v2
matadero_madrid_e7f0c61fb700_0,AGE,0.6817079186439511,REQUIRES,"{""min_age"": 18}","Any producer and/or director, any natural or legal person, over 18 years old, who hold the rights to the works and have previously undergone the selection process, may participate.",correct,,dev (seed 2026),v2
kunsten_be_flanders_e2c3698c1650_1,AGE,0.991499841213226,REQUIRES,"{""min_age"": 25}",Over 25 (amateur or professional),correct,'over 25' read as 25+,dev (seed 2026),v2
kunsten_be_flanders_d3e08cdf7f83_0,AGE,0.989865720272064,REQUIRES,"{""min_age"": 18, ""max_age"": 28}",You are between 18 and 28 years old.,correct,,dev (seed 2026),v2
focuna_luxembourg_757bade235de_0,NATIONALITY,0.554797828197479,REQUIRES,"{""countries"": [""LU""], ""nationality_or_residence"": true}","The grant is awarded on the basis of a call for projects to all artists or collectives of artists of Luxembourgish nationality or residing in Luxembourg, with no age criterion, able to attest to at least five years of professional experience and who have already been the subject of a solo exhibition in an institution or art gallery.",correct,,dev (seed 2026),v2
focuna_luxembourg_d63b1cf9b11d_0,NATIONALITY,0.9722274541854852,REQUIRES,"{""countries"": [""LU""], ""nationality_or_residence"": true}","The grant is awarded on the basis of a call for projects to all authors of Luxembourgish nationality or residing in Luxembourg, with no age criterion and able to demonstrate a professional career.",correct,,dev (seed 2026),v2
national_culture_fund_bulgaria_b9b7ce861aa9_5,NATIONALITY,0.527099788188934,REQUIRES,"{""countries"": [""BG""], ""nationality_or_residence"": true}",Natural persons with Bulgarian citizenship or the right to reside in Bulgaria.,correct,,dev (seed 2026),v2
bmwkms_austria_57c6352e8fbc_0,NATIONALITY,0.846153974533081,REQUIRES,"{""countries"": [""AT""], ""nationality_or_residence"": true}",Artists who hold Austrian citizenship or have their permanent residence in Austria (most recent registration certificate) are eligible to apply.,correct,,dev (seed 2026),v2
focuna_luxembourg_6ef1e1e83400_0,NATIONALITY,0.7857397794723511,REQUIRES,"{""countries"": [""LU""], ""nationality_or_residence"": true}","The grant is awarded on the basis of a call for projects to all artists or collectives of artists of Luxembourg nationality or residing in Luxembourg, with no age criterion, who can attest to a professional career of at least five years.",correct,,dev (seed 2026),v2
national_culture_fund_bulgaria_8fca12fac738_3,NATIONALITY,0.651795864105224,REQUIRES,"{""countries"": [""BG""], ""nationality_or_residence"": true}",Natural persons with Bulgarian citizenship or the right of residence in Bulgaria.,correct,,dev (seed 2026),v2
roberto_cimetta_fund_23ba036056c8_0,NATIONALITY,0.9046807289123532,REQUIRES,"{""countries"": [""LB"", ""PS"", ""SY""]}","The call is open to artists and cultural professionals from Lebanon, Syria, Palestine, Yemen and Sudan, whether they live in those countries or come from them and live elsewhere.",too strict,Yemen and Sudan missing from the country table,dev (seed 2026),v2
focuna_luxembourg_b6c090f6754a_0,NATIONALITY,0.460419565439224,REQUIRES,"{""countries"": [""LU""], ""nationality_or_residence"": true}","The grant is awarded on the basis of a call for projects to all artists or collectives of artists of Luxembourg nationality or residing in Luxembourg, with no age criterion, who can attest to a professional career of at least five years and who have already been the subject of a monographic exhibition in an institution or art gallery.",correct,,dev (seed 2026),v2
gasworks_london_9ae290801255_0,NATIONALITY,0.7656978368759151,REQUIRES,"{""countries"": [""LB""]}",This residency open call is for a Lebanese artist based in Lebanon.,correct,,dev (seed 2026),v2
norwegian_crafts_ec6807d7b33a_3,NATIONALITY,0.311562120914459,REQUIRES,"{""countries"": [""NO""]}",must present at least one Norwegian or Norway-based contemporary artist,too strict,"requirement on the programme's content, not the applicant (conf 0.31)",dev (seed 2026),v2
gasworks_london_d6efddb2674a_0,RESIDENCE,0.8496079444885251,REQUIRES,"{""countries"": [""AR""]}",This residency open call is for an artist based in Argentina.,correct,,dev (seed 2026),v2
kunsten_be_flanders_e7ad5b0af54f_0,RESIDENCE,0.530425548553466,REQUIRES,"{""countries"": [""FI""]}","Thematic, transdisciplinary residency program in Finland for artists, writers, researchers and creative minds attuned to the theme.",too strict,'residency program in Finland': location of the residency; 'resid' matched 'residency',dev (seed 2026),v2
nordic_culture_fund_ae44e082f513_0,RESIDENCE,0.447607666254043,REQUIRES,"{""countries"": [""AX"", ""DK"", ""FI"", ""FO"", ""GB"", ""GL"", ""IE"", ""IS"", ""NO"", ""SE""]}",To be eligible to apply for this programme you must be an individual artist or arts practitioner who is resident in: One of the Nordic countries One of the four nations of the UK The Republic of Ireland.,correct,,dev (seed 2026),v2
creative_ireland_f46580b5c9f5_3,RESIDENCE,0.9413203001022332,REQUIRES,"{""countries"": [""IE""]}",The applicant leading the project must be based in Ireland.,correct,,dev (seed 2026),v2
kunst_dk_denmark_be0b1bc26009_9,RESIDENCE,0.5035992264747621,REQUIRES,"{""countries"": [""DK""]}",Publishers based in Denmark that apply must be able to render probable that the translation will reach its target group through partnerships or a professional distribution network.,correct,,dev (seed 2026),v2
kunstlerhaus_bethanien_25455ce5e85d_0,RESIDENCE,0.436747848987579,REQUIRES,"{""countries"": [""DE"", ""NZ""], ""nationality_or_residence"": true, ""also_requires"": ""Berlin""}","To apply, you must: be a New Zealand citizen or permanent resident have a strong national reputation as a visual artist, which means you have: - received critical recognition for your work, or - completed a body of work acknowledged for its artistic excellence You must be available to base yourself in Berlin between 15 January and 15 December 2027.",wrong (looser),DE added from 'base yourself in Berlin' (where the residency is),dev (seed 2026),v2
kunsten_be_flanders_ca6c04cf8273_3,RESIDENCE,0.488177239894866,REQUIRES,"{""countries"": [""BE""], ""also_requires"": ""Flanders / Flanders""}","You are affiliated with an arts organisation in Flanders that works in the field of participation, or you invite an arts organisation in Flanders to follow the process remotely, which has an interest in building relationships with socially engaged practices in the Naples region and in following up on the project after the workshop.",too strict,"affiliation with an organisation in Flanders, not the applicant's residence (conf 0.49)",dev (seed 2026),v2
lithuanian_culture_institute_32dcb2a9ae26_0,RESIDENCE,0.742940783500671,REQUIRES,"{""countries"": [""LT""]}",invites translators of Lithuanian literature living outside Lithuania to apply for a 3-4 week residency in Vilnius.,too strict,'living outside Lithuania' parsed as Lithuania required: inverted,dev (seed 2026),v2
kunststiftung_nrw_d84895c9fc5f_0,RESIDENCE,0.905534029006958,REQUIRES,"{""countries"": [""DE""], ""also_requires"": ""North Rhine-Westphalia""}","The call is open to professional artists with their primary residence in North Rhine-Westphalia, who have already received public recognition or can demonstrate initial professional success.",correct,,dev (seed 2026),v2
kulturdirektoratet_norway_78d085e42f4b_0,RESIDENCE,0.9679070115089412,REQUIRES,"{""countries"": [""NO""]}",You can apply for this scheme if you are a publisher with a Norwegian organisation number.,correct,,dev (seed 2026),v2
fpu_slovakia_594ac67b60bb_1,APPLICANT_TYPE,0.9796839952468872,REQUIRES,"{""types"": [""individual"", ""organisation""], ""also_requires"": ""legal form / registration""}","The applicant must have one of the following legal forms: a) natural person – sole trader, b) commercial company, c) higher territorial unit or municipality, d) budgetary organization or contributory organization established by a municipality, e) budgetary organization or contributory organization established by a VÚC, f) civic association, g) foundation, h) association of legal persons, i) non-profit organization providing generally beneficial services, j) non-investment fund, k) organizations with an international element.",correct,,dev (seed 2026),v2
fpu_slovakia_c48eb51f96f0_1,APPLICANT_TYPE,0.9660779237747192,REQUIRES,"{""types"": [""individual"", ""organisation""], ""also_requires"": ""legal form / registration""}","The applicant must have one of the following legal forms: natural person – sole trader, commercial company, higher territorial unit or municipality, budgetary or contributory organization established by a VÚC, budgetary or contributory organization established by a municipality, civic association, foundation, association of legal persons, non-investment fund, legal person established by a special law, budgetary organization established by a legal person established by a special law or contributory organization established by a legal person established by a special law, to which a transfer is provided through the chapter of the Ministry of Culture of the Slovak Republic. regional tourism organization, local tourism organization.",correct,,dev (seed 2026),v2
kunsten_be_flanders_28639c301034_2,APPLICANT_TYPE,0.8615342974662781,REQUIRES,"{""types"": [""group""]}","Self-portraits are permitted, as are group portraits.",too strict,"'group portraits are permitted': about content, and a permission",dev (seed 2026),v2
fpu_slovakia_6998bdac4ecd_1,APPLICANT_TYPE,0.902422666549682,REQUIRES,"{""types"": [""organisation""], ""also_requires"": ""legal form / registration""}","The applicant must have one of the following legal forms: a) a higher territorial unit or municipality, b) a budgetary or contributory organization established by a higher territorial unit (VÚC), c) a budgetary or contributory organization established by a municipality",correct,,dev (seed 2026),v2
fpu_slovakia_9dbb99df9342_0,APPLICANT_TYPE,0.9768345952033992,REQUIRES,"{""types"": [""organisation""], ""also_requires"": ""legal form / registration""}","The applicant must be registered in the List of Libraries of the Slovak Republic as a public library (i.e. a regional library with regional competence, regional/city/municipal library) and must have a relevant legal form: a) commercial company, b) higher territorial unit, city or municipality, c) budgetary or contributory organization established by a VUC, d) budgetary or contributory organization established by a municipality, e) civic association, f) non-profit organization providing generally beneficial services, g) legal entity established by a special law, budgetary organization established by a legal entity established by a special law, or contributory organization established by a legal entity established by a special law, which is provided with a transfer through the chapter of the Ministry of Culture of the Slovak Republic.",correct,,dev (seed 2026),v2
kunstlerhaus_bethanien_8fd8bff07672_2,APPLICANT_TYPE,0.51415741443634,REQUIRES,"{""types"": [""individual"", ""organisation""]}",The contract can be negotiated between the institution and the fellow depending on individual needs.,too strict,'depending on individual needs': not a requirement (conf 0.51),dev (seed 2026),v2
fpu_slovakia_2b1a4a892bdd_1,APPLICANT_TYPE,0.9851139783859252,REQUIRES,"{""types"": [""organisation""], ""also_requires"": ""legal form / registration""}",The grant may be provided exclusively to entities holding authorization to perform the activities they plan to carry out within the project.,correct,,dev (seed 2026),v2
fpu_slovakia_df1a50b7b76a_1,APPLICANT_TYPE,0.955284476280212,REQUIRES,"{""types"": [""individual"", ""organisation""], ""also_requires"": ""legal form / registration""}","The applicant must have one of the following legal forms: a) natural person – sole trader, b) association of natural persons, c) civic association, d) business company",correct,,dev (seed 2026),v2
norwegian_crafts_ec6807d7b33a_14,APPLICANT_TYPE,0.363754451274871,REQUIRES,"{""types"": [""organisation""]}",Publications that present artists involved in the publishing company are,too strict,"fragment, not a requirement (conf 0.36)",dev (seed 2026),v2
fpu_slovakia_a70f0654b1bc_2,APPLICANT_TYPE,0.9737228751182552,REQUIRES,"{""types"": [""individual"", ""organisation""], ""also_requires"": ""legal form / registration""}","The applicant must have one of the following legal forms: a) natural person – sole trader, b) non-profit organization providing generally beneficial services, c) civic association, d) foundation, e) business company.",correct,,dev (seed 2026),v2
kunstlerhaus_bethanien_ad1d16a215d9_7,STUDENT_STATUS,0.427203446626663,EXCLUDES,"{""enrolled"": true}",You must not be a student for more than 50 per cent of your time when an award decision is made.,too strict,"'not a student for more than 50%': part-time students are fine, needs also_requires",dev (seed 2026),v2
mondriaan_fund_af60247339cd_5,STUDENT_STATUS,0.980939149856567,EXCLUDES,"{""enrolled"": true}",You cannot apply for or use a contribution while enrolled to study at educational institutions for e.g.,correct,,dev (seed 2026),v2
kulturdirektoratet_norway_f8ce796dcf0c_3,STUDENT_STATUS,0.500798285007476,REQUIRES,"{""enrolled"": true, ""also_requires"": ""a specific level or programme""}","To be eligible to apply, you need a recommendation letter from your supervisor or another academic staff member at the institute where you will be writing your master’s thesis.",correct,,dev (seed 2026),v2
kunststiftung_nrw_d84895c9fc5f_1,STUDENT_STATUS,0.8857265114784241,EXCLUDES,"{""enrolled"": true}",Students are excluded.,correct,,dev (seed 2026),v2
akademie_schloss_solitude_a8aba5b303e4_8,STUDENT_STATUS,0.981899738311767,EXCLUDES,"{""enrolled"": true}","Applicants who are still in education or enrolled in a degree program (with the exception of doctoral candidates), as well as applicants who already hold a full professorship at a university, are excluded from the selection process.",too strict,'with the exception of doctoral candidates': PhD students would be rejected,dev (seed 2026),v2
kunststiftung_nrw_90bd18478223_2,STUDENT_STATUS,0.955692708492279,EXCLUDES,"{""enrolled"": true}",Students are not eligible to apply.,correct,,dev (seed 2026),v2
kulturdirektoratet_norway_f8ce796dcf0c_0,STUDENT_STATUS,0.930533707141876,REQUIRES,"{""enrolled"": true, ""also_requires"": ""a specific level or programme""}",This scheme is aimed at master’s students.,correct,,dev (seed 2026),v2
kunststiftung_nrw_6b36eed08299_2,STUDENT_STATUS,0.704563617706298,EXCLUDES,"{""enrolled"": true}",Students are excluded; residency is mandatory;,correct,,dev (seed 2026),v2
bmwkms_austria_57c6352e8fbc_2,STUDENT_STATUS,0.989631593227386,EXCLUDES,"{""enrolled"": true}",All persons enrolled at a university/university of applied sciences at the time of application are excluded from applying.,correct,,dev (seed 2026),v2
kunsten_be_flanders_6aad32a7d163_1,STUDENT_STATUS,0.597908914089202,REQUIRES,"{""enrolled"": true}",You are not (or no longer) studying.,too strict,'You are not (or no longer) studying' read as enrolment required: polarity inverted,dev (seed 2026),v2
kunsten_be_flanders_45954c0f1127_0,AGE,0.452867984771728,REQUIRES,"{""min_age"": 18}",Eligibility: Persons of legal age residing in any European Union country or the United Kingdom Project type: The festival aims to promote visual storytelling among emerging artists.,correct,,test (seed 2027),v3
matadero_madrid_9e814c5cf987_2,AGE,0.990906596183776,REQUIRES,"{""min_age"": 18}",Applicants must be 18 years or older.,correct,,test (seed 2027),v3
fpu_slovakia_df1a50b7b76a_0,AGE,0.660078167915344,REQUIRES,"{""min_age"": 18, ""max_age"": 26}",Eligible applicants are legal entities and natural persons active in the field of art and culture aged 18–26 years.,correct,,test (seed 2027),v3
institut_francais_programs_0e6d2766c96e_0,AGE,0.661145567893981,REQUIRES,"{""min_age"": 18}","Applicants must be over 18 years of age , be proficient in French or English, and reside in South Africa, Benin, Cameroon, Ghana, Guinea, Kenya, Mali, Mozambique, Uganda, the Republic of the Congo, Rwanda or Senegal.",correct,,test (seed 2027),v3
kunsten_be_flanders_e2c3698c1650_0,AGE,0.9397013783454892,REQUIRES,"{""min_age"": 12, ""max_age"": 25}",Youth (12–25 years old),too strict,"'Youth (12-25)' looks like one category of several, not a limit for everyone (judgment call)",test (seed 2027),v3
bmwkms_austria_36f95e7e131b_0,NATIONALITY,0.7489852905273431,REQUIRES,"{""countries"": [""AT""], ""nationality_or_residence"": true}",Eligible are artists (exclusively individuals) who possess Austrian citizenship or have their permanent residence in Austria (extract from the register of residents).,correct,,test (seed 2027),v3
mondriaan_fund_a939eddff305_3,RESIDENCE,0.506816267967224,REQUIRES,"{""countries"": [""AW"", ""BQ"", ""CW"", ""NL"", ""SX""]}","In order to be eligible for a contribution, you must be artistically and substantively active within the visual arts field, and in this capacity, part of the professional art practice in the Netherlands and/or the Caribbean part of the Kingdom.",correct,,test (seed 2027),v3
kunststiftung_nrw_8cec63e1851f_0,RESIDENCE,0.745388925075531,REQUIRES,"{""countries"": [""DE""], ""also_requires"": ""North Rhine-Westphalia""}","Eligible applicants are: professional artists with their place of residence and work in North Rhine-Westphalia at the beginning of their artistic career, who can already demonstrate initial verifiable professional experience (e.g. exhibitions, projects or grants)",correct,,test (seed 2027),v3
kunsten_be_flanders_63435520343a_0,RESIDENCE,0.5119198560714721,REQUIRES,"{""countries"": [""DE""]}",This call is open to German curators and curators based in Germany.,too strict,"'German curators and curators based in Germany': nationality OR residence, flag not set (demonym is not a nationality cue)",test (seed 2027),v3
kunsten_be_flanders_d3e08cdf7f83_1,RESIDENCE,0.908966660499572,REQUIRES,"{""countries"": [""BE""]}","You live in Belgium and/or independently reach Het Bos (Ankerrui 5/7, Antwerp) Your project includes a public performance as a closing or interim presentation Your project aligns with Het Bos’s mission.",too strict,'live in Belgium and/or independently reach Het Bos': an OR,test (seed 2027),v3
kunststiftung_nrw_72dbd2a3195b_5,RESIDENCE,0.995762765407562,REQUIRES,"{""countries"": [""CH"", ""DE""], ""also_requires"": ""North Rhine-Westphalia""}",Residence NRW⁺ is aimed at curators with a connection to the federal state of North Rhine-Westphalia or Switzerland who have in-depth knowledge in the field of contemporary art and have already developed their own conception of curatorial work as well as had the opportunity to realize initial projects.,too strict,'a connection to NRW or Switzerland' is not residence,test (seed 2027),v3
nordic_culture_point_8e6618f7a6eb_2,RESIDENCE,0.89252769947052,REQUIRES,"{""countries"": [""AX"", ""DK"", ""EE"", ""FI"", ""FO"", ""GL"", ""IS"", ""LT"", ""LV"", ""NO"", ""SE""], ""nationality_or_residence"": true}","To apply for network funding, you must be a resident of the Nordic Region (Denmark, Finland, the Faroe Islands, Greenland, Iceland, Norway, Sweden, or Åland) or the Baltic countries (Estonia, Latvia, or Lithuania), although you do not need to be a Nordic or Baltic citizen.",wrong (looser),nationality_or_residence set because of the waived 'citizen'; requires residence only,test (seed 2027),v3
bmwkms_austria_24ff03eefb27_1,RESIDENCE,0.540737986564636,REQUIRES,"{""countries"": [""AT""], ""nationality_or_residence"": true, ""also_requires"": ""for at least three years""}",Individuals with Austrian citizenship or permanent residence in Austria for at least three years.,correct,,test (seed 2027),v3
mondriaan_fund_6d9761361246_2,RESIDENCE,0.648079335689544,REQUIRES,"{""countries"": [""AW"", ""BQ"", ""CW"", ""NL"", ""SX""]}","In order to be eligible for a contribution, you must be artistically and substantively active within the visual arts field, and in that capacity are embedded in the professional contemporary visual arts practice in the Netherlands and/or the Caribbean part of the Kingdom.",correct,,test (seed 2027),v3
fundacao_gulbenkian_641becbe2421_0,RESIDENCE,0.616946041584014,REQUIRES,"{""countries"": [""AM""]}",Applicants must be: Studying or based in Armenia.,correct,,test (seed 2027),v3
kulturdirektoratet_norway_ea773d017e43_1,RESIDENCE,0.9033797383308412,REQUIRES,"{""countries"": [""NO""]}",The publisher must have a Norwegian organization number.,correct,,test (seed 2027),v3
fpu_slovakia_0500c8d79e06_0,APPLICANT_TYPE,0.9877317547798152,REQUIRES,"{""types"": [""organisation""], ""also_requires"": ""legal form / registration""}","The applicant must be registered in the List of Libraries of the Slovak Republic or it must be a project of the Association of Slovak Librarians and Libraries or a project of the Slovak Library Association and must have one of the following legal forms: a) a legal entity authorized to do business, b) a higher territorial unit, city or municipality, c) a budgetary organization or contributory organization founded by a higher territorial unit, d) a budgetary organization or contributory organization founded by a municipality, e) a civic association, f) a non-profit organization providing generally beneficial services.",correct,,test (seed 2027),v3
fpu_slovakia_6998bdac4ecd_0,APPLICANT_TYPE,0.949528217315673,REQUIRES,"{""types"": [""organisation""]}",Support is intended exclusively for projects of museums entered in the Register of Museums and Galleries of the Slovak Republic.,correct,,test (seed 2027),v3
fpu_slovakia_a7fd71d13fd3_1,APPLICANT_TYPE,0.958315908908844,REQUIRES,"{""types"": [""individual"", ""organisation""], ""also_requires"": ""legal form / registration""}","The applicant must have one of the following legal forms: a) natural person – sole proprietor, b) association of natural persons, c) civic association, d) commercial company",correct,,test (seed 2027),v3
kunsten_be_flanders_28881ec0704a_0,APPLICANT_TYPE,0.7217441797256471,REQUIRES,"{""types"": [""individual""]}",General (mandatory) Applications must be submitted by individuals only.,correct,,test (seed 2027),v3
creative_ireland_f46580b5c9f5_2,APPLICANT_TYPE,0.562141418457031,REQUIRES,"{""types"": [""organisation""]}",cultural or creative organisations.,correct,list item; the list-as-OR problem is for the engine (step 5),test (seed 2027),v3
dgartes_portugal_d62fab0a8e9d_6,APPLICANT_TYPE,0.979350924491882,EXCLUDES,"{""types"": [""organisation""]}","Private foundations or public foundations under private law that have other type of continuous funding, ensured by the budgetary programme of the culture area, as well as associations mostly constituted by public entities and companies of the State business sector and of the autonomous regions, are not admitted to the tender procedure.",too strict,excludes specific foundations/associations; without also_requires every organisation would be rejected,test (seed 2027),v3
fpu_slovakia_93880c6dd60a_1,APPLICANT_TYPE,0.984549164772033,REQUIRES,"{""types"": [""organisation""], ""also_requires"": ""legal form / registration""}","The applicant must have one of the following legal forms: a) nonprofit organization providing generally beneficial services, b) civic association, c) business company, d) budgetary or contributory organization established by a self-governing region (VÚC), e) budgetary or contributory organization established by a municipality, f) self-governing region (VÚC), city, municipality",correct,,test (seed 2027),v3
arts_council_wales_5ee8a82ba7a5_2,APPLICANT_TYPE,0.65104192495346,REQUIRES,"{""types"": [""organisation""]}",You must be a state maintained early years or school setting in Wales to be eligible.,correct,,test (seed 2027),v3
fpu_slovakia_5d2c2b1ebd51_0,APPLICANT_TYPE,0.98162704706192,REQUIRES,"{""types"": [""organisation""], ""also_requires"": ""legal form / registration""}","The applicant must be registered in the List of Libraries of the Slovak Republic as a public library (i.e. a regional library with regional jurisdiction, regional/city/municipal library) and must have one of the following legal forms: a) commercial company, b) higher territorial unit or municipality, c) budgetary organization or contributory organization established by the VÚC, d) budgetary organization or contributory organization established by a municipality, e) civic association, f) foundation, g) association of legal entities, h) non-profit organization providing generally beneficial services, i) non-investment fund.",correct,,test (seed 2027),v3
arts_council_wales_f8da4d62c750_4,APPLICANT_TYPE,0.7748032212257381,REQUIRES,"{""types"": [""organisation""]}",A pupil referral unit.,correct,list item,test (seed 2027),v3
bmwkms_austria_57c6352e8fbc_1,STUDENT_STATUS,0.913714885711669,REQUIRES,"{""enrolled"": true}",Applications from students are not possible.,too strict,'not possible' missed by polarity: students REQUIRED instead of excluded,test (seed 2027),v3
fundacao_gulbenkian_0089a729f2c8_4,STUDENT_STATUS,0.515468955039978,REQUIRES,"{""enrolled"": true}",Only applicants to legally recognised Portuguese higher education institutions and duly accredited and registered study programmes will be considered.,too strict,"'applicants to' HEIs: prospective students, not necessarily enrolled yet (judgment call)",test (seed 2027),v3
kulturdirektoratet_norway_f8ce796dcf0c_1,STUDENT_STATUS,0.909380316734314,REQUIRES,"{""enrolled"": true, ""also_requires"": ""a specific level or programme""}",You can apply for this scheme if you have been admitted to a master’s program and have decided on the topic for your master’s thesis.,correct,,test (seed 2027),v3
nordic_culture_point_68739869a8ce_6,STUDENT_STATUS,0.7914018630981441,EXCLUDES,"{""enrolled"": true}",Students are not granted mobility funding.,correct,,test (seed 2027),v3
bmwkms_austria_393dc7aeec66_1,STUDENT_STATUS,0.961178362369537,UNCLEAR,"{""enrolled"": true}",Applications from students are not possible (except PhD or doctorate).,correct,"UNCLEAR, so CHECK",test (seed 2027),v3
