chunk_id,label,chunk_text,expected_value,review,notes
kunsten_be_flanders_61e96ffd7526_2a,AGE,Anyone aged 18 and above,"{""min_age"": 18}",,
arts_council_wales_b3ec3ab6ac65_0b,AGE,for learners aged 3 – 16 years.,,,"age of the learners (audience), not of the applicant"
arts_council_wales_b3ec3ab6ac65_1b,AGE,for learners aged 3 – 16 years.,,,"age of the learners (audience), not of the applicant"
cite_internationale_des_arts_434f3418899b_2,AGE,"be between 25 and 40 years old at the closing of the call (October 1st, 2026) ;","{""min_age"": 25, ""max_age"": 40}",,
fundacao_gulbenkian_641becbe2421_1,AGE,Under 35 years old at the time of the application.,"{""max_age"": 34}",,under 35 -> max 34
kunsten_be_flanders_1fb6db149626_1,AGE,Age limit: up to 45 years old ( born after the 1st of July 1982 ).,"{""max_age"": 45}",,born-after date restates the same limit
villa_arson_184a7d44f070_0a,AGE,"It is intended for a photographic artist, under 30 years old.","{""max_age"": 29}",,
petofi_kulturalis_ugynokseg_hungary_675b2bc659f6_0,AGE,The scholarship aims to support researchers under the age of 40 who specialize in the above topics.,"{""max_age"": 39}",,
fpu_slovakia_df1a50b7b76a_0b,AGE,aged 18–26 years.,"{""min_age"": 18, ""max_age"": 26}",,
nordic_culture_point_e5ff586e656e_1,AGE,"If you are under the age of 18, you can present your idea for a project to an association or organisation, or to an adult who can help you develop and implement the project.",,,"says what minors can do instead, not an age limit"
kunststiftung_nrw_13b9c46310b0_0,AGE,The call is not age-limited.,,,waiver: polarity WAIVES carries it
kulturdirektoratet_norway_70fed813390a_6a,AGE,The candidate must be over 18 years old at the time of application,"{""min_age"": 18}",unsure,'over 18' read as 18 and over (looser reading)
cite_internationale_des_arts_a0b1f92c1635_0b,AGE,with no age limit,,,waiver
kunsten_be_flanders_37a488364201_1,AGE,Young vocal and/or instrumental musicians and ensembles with a maximum average age of 35.,,,average age of an ensemble: not checkable per person
villa_arson_42e994c13603_0,AGE,"Auditions are open to young artists and apprentice artists aged 14 to 21: dancers, actors, musicians, circus artists, singers.","{""min_age"": 14, ""max_age"": 21}",,
kunsten_be_flanders_022c12b266e3_0,AGE,"THIS CALL FOR PARTICIPATION IS OPEN TO ANY ARTIST, ASSOCIATION, OR COLLECTIVE OF INTERNATIONAL ARTISTS WITHOUT AGE LIMIT.",,,waiver
cite_internationale_des_arts_faaa6d16811c_1,AGE,There is no age limit.,,,waiver
focuna_luxembourg_757bade235de_0c,AGE,with no age criterion,,,waiver
villa_arson_4be7664be228_0a,AGE,The candidate must: be under 40 years of age during the year 2026;,"{""max_age"": 39}",unsure,"'under 40 during the year 2026': age reference date is the year, not the deadline"
matadero_madrid_bc5ee263b8a9_0,AGE,"This call is aimed at individuals of legal age from Spain and abroad, with any level of qualification and from diverse disciplines such as design, art, architecture, urban planning, economics, film, photography, journalism, digital media, environmental sci ences, philosophy, engineering, social studies, political science, programming, materials science, activism, or any other field.","{""min_age"": 18}",,legal age -> 18
focuna_luxembourg_6ef1e1e83400_0c,AGE,with no age criterion,,,waiver
focuna_luxembourg_b6c090f6754a_0c,AGE,with no age criterion,,,waiver
focuna_luxembourg_d63b1cf9b11d_0c,AGE,with no age criterion,,,waiver
kunsten_be_flanders_45954c0f1127_0a,AGE,Eligibility: Persons of legal age,"{""min_age"": 18}",,legal age -> 18
matadero_madrid_cd982f2fa6f8_3a,AGE,Project leaders must be of legal age,"{""min_age"": 18}",,legal age -> 18
nordic_culture_point_99a3ce7db217_2b,NATIONALITY,you do not need to be a Nordic or Baltic citizen,,,waiver
kunsten_be_flanders_d04919f3f6f8_4,NATIONALITY,"If you answered yes to any of these questions, or if you're simply concerned about our digital rights and the lack of agency across the online platforms we use, then IMPAKT is looking for you! ... we invite creatives, professional and non-professional artists, and concerned citizens of the Netherlands and Belgium to embark on a journey of critical discourse and collaborative creation regarding digital rights.",,unsure,"'concerned citizens of NL and BE' is one of several invited groups, not a restriction on artists"
u_jazdowski_warsaw_ea8781efb99b_0,NATIONALITY,"Open call for Palestinian artists , cultural practitioners , theorists , curators , and people working at the intersection of education / art / activism",,unsure,"Palestinian = identity, not necessarily citizenship"
u_jazdowski_warsaw_ea8781efb99b_2,NATIONALITY,"Target group Artists , cultural practitioners , theorists , curators , and people working at the intersection of education / art / activism; and those engaged in participatory work with communities who recognize themselves as Palestinians .",,,"self-identification, not citizenship"
bmwkms_austria_36f95e7e131b_0a,NATIONALITY,Eligible are artists (exclusively individuals) who possess Austrian citizenship.,"{""countries"": [""AT""]}",,
national_culture_fund_bulgaria_8fca12fac738_3a,NATIONALITY,Natural persons with Bulgarian citizenship.,"{""countries"": [""BG""]}",,
bmwkms_austria_57c6352e8fbc_0a,NATIONALITY,Artists who hold Austrian citizenship.,"{""countries"": [""AT""]}",,
kunsten_be_flanders_28881ec0704a_1,NATIONALITY,This open call is for international participants who do not hold Korean nationality.,"{""countries"": [""KR""]}",,with EXCLUDES: Korean nationals excluded
kunsten_be_flanders_e4a2cb6c28a5_1b,NATIONALITY,"regardless of nationality, gender, religion or ethnic origin.",,,waiver
mondriaan_fund_3afe43141b61_12,NATIONALITY,"For artists with a non-Dutch nationality, proof of registration in the Netherlands is also required.",,,"conditional extra document, not a restriction"
nordic_culture_point_c76ae887354b_2,NATIONALITY,"However, they do not need to be a Nordic or Baltic citizen.",,,waiver
vkkf_konkursu_grafiks_31853942f4cb_0,NATIONALITY,Ukrainian citizens,"{""countries"": [""UA""]}",,
can_serrat_217dbea20ea5_0b,NATIONALITY,from all backgrounds and nationalities.,,,waiver
kunstlerhaus_bethanien_ad1d16a215d9_5a,NATIONALITY,You can be a foreign citizen and apply for our stipends and grants.,,,waiver-like: foreign citizens may apply
national_culture_fund_bulgaria_4615be3896e7_3a,NATIONALITY,Natural persons with Bulgarian citizenship.,"{""countries"": [""BG""]}",,
cite_internationale_des_arts_a0b1f92c1635_0a,NATIONALITY,The programme is open to any artist of Moroccan nationality,"{""countries"": [""MA""]}",,
u_jazdowski_warsaw_12d96c6e05cf_0,NATIONALITY,"This open call is dedicated to all Ukrainian artists who crossed the Ukrainian border after February 24 , 2022 , because of the war .","{""countries"": [""UA""], ""also_requires"": ""crossed the border after 24 Feb 2022""}",unsure,Ukrainian artists read as Ukrainian nationals
wiels_brussels_fcbabea29454_0a,NATIONALITY,This call is intended for Belgian artists,"{""countries"": [""BE""]}",,
vkkf_konkursu_grafiks_88d078cb9901_0,NATIONALITY,For citizens of Ukraine,"{""countries"": [""UA""]}",,
focuna_luxembourg_757bade235de_0a,NATIONALITY,The grant is awarded on the basis of a call for projects to all artists or collectives of artists of Luxembourgish nationality,"{""countries"": [""LU""]}",,
nordic_culture_point_68739869a8ce_5b,NATIONALITY,although the applicant does not have to be a Nordic or Baltic citizen.,,,waiver
national_culture_fund_bulgaria_b9b7ce861aa9_5a,NATIONALITY,Natural persons with Bulgarian citizenship,"{""countries"": [""BG""]}",,
kunsten_be_flanders_1e4f87dbc5b9_1,NATIONALITY,"Applications submitted by individuals, legal entities registered both in Ukraine and abroad, related to the aggressor state – the Russian Federation, which is recognized as such in accordance with the Law of Ukraine“ “On the Prohibition of Propaganda of the Russian Nazi Totalitarian Regime, Armed Aggression of the Russian Federation as a Terrorist State against Ukraine, Symbolism of the Military Invasion of the Russian Nazi Totalitarian Regime into Ukraine”№ 2265-ІХ of May 22, 2022, the Republic of Belarus and/or the Islamic Republic of Iran, are considered ineligible, namely: legal entities with beneficiaries who are individuals – citizens of the aggressor state of the Russian Federation, the Republic of Belarus and/or the Islamic Republic of Iran or or legal entities associated with the aggressor state of the Russian Federation and the Republic of Belarus and/or the Islamic Republic of Iran; legal entities or individual enterpreneurs and / or participants of such entities to whom personal special economic and other restrictive measures (sanctions) have been applied in accordance with the Law of Ukraine “On Sanctions” and decisions of the National Security and Defense Council of Ukraine;","{""countries"": [""BY"", ""IR"", ""RU""], ""also_requires"": ""associated with the aggressor state / sanctioned""}",unsure,"with EXCLUDES. Ukraine is named too, but only as a place of registration: a parser that adds UA would reject Ukrainians"
bmwkms_austria_24ff03eefb27_1a,NATIONALITY,Individuals with Austrian citizenship,"{""countries"": [""AT""]}",,
focuna_luxembourg_6ef1e1e83400_0a,NATIONALITY,The grant is awarded on the basis of a call for projects to all artists or collectives of artists of Luxembourg nationality,"{""countries"": [""LU""]}",,
kunsten_be_flanders_a8b33f98769e_0,NATIONALITY,"The contest is open to all persons, without restriction of nationality or age.",,,waiver
focuna_luxembourg_b6c090f6754a_0a,NATIONALITY,The grant is awarded on the basis of a call for projects to all artists or collectives of artists of Luxembourg nationality,"{""countries"": [""LU""]}",,
bmwkms_austria_393dc7aeec66_0b,NATIONALITY,who possess Austrian citizenship,"{""countries"": [""AT""]}",,
nordic_culture_point_8e6618f7a6eb_2b,NATIONALITY,although you do not need to be a Nordic or Baltic citizen.,,,waiver
focuna_luxembourg_d63b1cf9b11d_0a,NATIONALITY,The grant is awarded on the basis of a call for projects to all authors of Luxembourgish nationality,"{""countries"": [""LU""]}",,
norwegian_crafts_ec6cbcf93e7d_0b,NATIONALITY,Applicants must be: Norwegian citizens,"{""countries"": [""NO""]}",,
mondriaan_fund_a939eddff305_3b,RESIDENCE,"in this capacity, part of the professional art practice in the Netherlands and/or the Caribbean part of the Kingdom.","{""countries"": [""AW"", ""BQ"", ""CW"", ""NL"", ""SX""]}",unsure,"'Caribbean part of the Kingdom' = Aruba, Bonaire/St Eustatius/Saba, Curacao, Sint Maarten"
nordic_culture_point_8e6618f7a6eb_2a,RESIDENCE,"To apply for network funding, you must be a resident of the Nordic Region (Denmark, Finland, the Faroe Islands, Greenland, Iceland, Norway, Sweden, or Åland) or the Baltic countries (Estonia, Latvia, or Lithuania)","{""countries"": [""AX"", ""DK"", ""EE"", ""FI"", ""FO"", ""GL"", ""IS"", ""LT"", ""LV"", ""NO"", ""SE""]}",,
dansateliers_rotterdam_e3404a6adf78_8,RESIDENCE,1 artist residing in Europe,,,'Europe': no member list
nordic_culture_point_99a3ce7db217_2a,RESIDENCE,"To apply for network funding, you must be a resident of the Nordic Region (Denmark, Finland, the Faroe Islands, Greenland, Iceland, Norway, Sweden, or Åland) or the Baltic countries (Estonia, Latvia, or Lithuania).","{""countries"": [""AX"", ""DK"", ""EE"", ""FI"", ""FO"", ""GL"", ""IS"", ""LT"", ""LV"", ""NO"", ""SE""]}",,
kunststiftung_nrw_8cec63e1851f_1,RESIDENCE,"independent, non-commercial art spaces and initiatives based in North Rhine-Westphalia that continuously support artistic work","{""countries"": [""DE""], ""also_requires"": ""North Rhine-Westphalia""}",,
kunststiftung_nrw_d84895c9fc5f_0a,RESIDENCE,"The call is open to professional artists with their primary residence in North Rhine-Westphalia,","{""countries"": [""DE""], ""also_requires"": ""North Rhine-Westphalia""}",,
kunsten_be_flanders_217b1f327dad_6,RESIDENCE,want to build a career in Flanders or Brussels.,"{""countries"": [""BE""], ""also_requires"": ""Flanders or Brussels""}",unsure,career location read as residence
kunstlerhaus_bethanien_ad1d16a215d9_5b,RESIDENCE,but you must be a resident in Sweden or primarily practice your art here.,"{""countries"": [""SE""]}",,resident OR practising in Sweden: both in SE
kunsten_be_flanders_9b6a847d32f1_3,RESIDENCE,"Benelux Interest: Specifically tailored for organizations from Flanders, Luxembourg, the Netherlands, and Wallonia looking for high-impact international cooperation with Ukraine.","{""countries"": [""BE"", ""LU"", ""NL""]}",unsure,"Flanders + Wallonia leaves out Brussels; not expressible, accepted"
kulturdirektoratet_norway_c120380a9bbe_9,RESIDENCE,"If the enterprise operates across national borders in Sápmi, the enterprise must have a Norwegian organisation number.","{""countries"": [""NO""]}",unsure,Norwegian organisation number = registered in NO
norwegian_crafts_ec6cbcf93e7d_0c,RESIDENCE,or residents of Norway,"{""countries"": [""NO""]}",,
villa_arson_184a7d44f070_0b,RESIDENCE,living and working in the Caribbean region.,,,'Caribbean region': no member list
kunsten_be_flanders_217b1f327dad_2,RESIDENCE,You are building a career in Flanders or Brussels.,"{""countries"": [""BE""], ""also_requires"": ""Flanders or Brussels""}",unsure,career location read as residence
wiels_brussels_fcbabea29454_0b,RESIDENCE,or artists residing in Belgium,"{""countries"": [""BE""]}",,
kunsten_be_flanders_1c78c30f66d3_0,RESIDENCE,"Eligible for support are Dutch-Belgian co-projects across all disciplines, but special attention is given to the performing arts, contemporary visual arts, the creative industries (especially architecture, design, fashion and digital art), and cultural heritage.",,unsure,"Dutch-Belgian co-projects: about partners, not the applicant's residence"
national_culture_fund_bulgaria_8fca12fac738_3b,RESIDENCE,or the right of residence in Bulgaria.,"{""countries"": [""BG""]}",,
bmwkms_austria_24ff03eefb27_1b,RESIDENCE,or permanent residence in Austria for at least three years.,"{""countries"": [""AT""], ""also_requires"": ""for at least three years""}",,
kulturdirektoratet_norway_4d4eba8d85e6_0c,RESIDENCE,has the main part of your activity in Norway,"{""countries"": [""NO""]}",,main activity in Norway
kunsten_be_flanders_e4a2cb6c28a5_1a,RESIDENCE,Applicants must be resident in Belgium.,"{""countries"": [""BE""]}",,
gasworks_london_1a43f6076c9a_0a,RESIDENCE,This residency open call is for artists based in Brazil,"{""countries"": [""BR""]}",,
matadero_madrid_cd982f2fa6f8_3b,RESIDENCE,"capable of acting, and in possession of the necessary administrative authorizations to stay in Spain during the research project",,,"permission to stay during the project, not residence"
gasworks_london_f7a198d1e6ea_0b,RESIDENCE,"based in Central America (Belize, Costa Rica, El Salvador, Guatemala, Honduras, Nicaragua, Panama).","{""countries"": [""BZ"", ""CR"", ""GT"", ""HN"", ""NI"", ""PA"", ""SV""]}",,
national_culture_fund_bulgaria_4615be3896e7_3b,RESIDENCE,or the right of residence in Bulgaria.,"{""countries"": [""BG""]}",,
kulturdirektoratet_norway_25c45f0fbcb7_1,RESIDENCE,The publisher must have a Norwegian organisation number.,"{""countries"": [""NO""]}",unsure,Norwegian organisation number = registered in NO
bmwkms_austria_393dc7aeec66_0c,RESIDENCE,or have their permanent residence in Austria.,"{""countries"": [""AT""]}",,
kunsten_be_flanders_9b6a847d32f1_0,APPLICANT_TYPE,Organizational Focus: Grants are available to legal entities/organizations.,"{""types"": [""organisation""]}",,
fpu_slovakia_8937907cf806_0,APPLICANT_TYPE,Eligible applicants: Support is intended exclusively for public higher education institutions in the Slovak Republic that have authorisation to perform the activities they plan to implement within the project.,"{""types"": [""organisation""], ""also_requires"": ""public higher education institution""}",,
fpu_slovakia_ca6ca107a312_0,APPLICANT_TYPE,Support is intended exclusively for gallery projects that are registered in the Register of Museums and Galleries of the Slovak Republic.,"{""types"": [""organisation""], ""also_requires"": ""registered gallery""}",,
nordic_culture_point_99a3ce7db217_3,APPLICANT_TYPE,"Groups, organisations, and institutions must be registered in a Nordic or Baltic country in order to apply.",,,"conditions on groups/organisations, doesn't restrict who applies"
fpu_slovakia_792b87f4611b_2,APPLICANT_TYPE,"The applicant must have one of the following legal forms: a) natural person – sole trader, b) non-profit organization providing generally beneficial services, c) civic association, d) foundation, e) commercial company","{""types"": [""individual"", ""organisation""], ""also_requires"": ""registered legal form (a natural person only as sole trader)""}",unsure,
fpu_slovakia_5025c9a92d29_0,APPLICANT_TYPE,Eligible applicants: Eligible applicants are entities possessing authorization to carry out the activity they plan to implement within the project – publishing houses that have experience with the entire process and distribution channels.,"{""types"": [""organisation""], ""also_requires"": ""publishing house""}",,
fpu_slovakia_71cbf1c2b550_1,APPLICANT_TYPE,"The applicant must have one of the following legal forms: natural person – sole trader, commercial company, higher territorial unit or municipality, budgetary or contributory organization established by a higher territorial unit, budgetary or contributory organization established by a municipality, civic association, foundation, association of legal persons, nonprofit organization providing generally beneficial services, non-investment fund, legal entity established by a special act, budgetary organization established by a legal entity established by a special act or contributory organization established by a legal entity established by a special act, to which a transfer is provided through the chapter of the Ministry of Culture of the Slovak Republic. regional tourism organization, local tourism organization.","{""types"": [""individual"", ""organisation""], ""also_requires"": ""registered legal form (a natural person only as sole trader)""}",unsure,
fpu_slovakia_f9777ed7efc1_1,APPLICANT_TYPE,Organizations that systematically work on the upbringing and cultural education of children and youth.,"{""types"": [""organisation""]}",,
kulturdirektoratet_norway_c43308778cc6_1,APPLICANT_TYPE,"Private individuals, private and public institutions, organizations and other enterprises may apply.","{""types"": [""individual"", ""organisation""]}",,
cite_internationale_des_arts_abfe03e1359b_3,APPLICANT_TYPE,"Group applications (duo, collective) are accepted and will result in the attribution of one single live-in studio, one single monthly stipend, one single production grant, and a single payment of transportation costs.",,,"widens (groups accepted), doesn't restrict"
fpu_slovakia_6d89252e8325_2,APPLICANT_TYPE,"The applicant must have one of the following legal forms: a) budgetary or contributory organization established by a higher territorial unit, b) budgetary or contributory organization established by a municipality, c) non-profit organization, d) civic association, e) legal entity, f) primary school and secondary school, art school, conservatory.","{""types"": [""organisation""], ""also_requires"": ""listed legal forms""}",,
mk_statni_fond_kultury_cz_209b9ce5a11b_9,APPLICANT_TYPE,"In other words, entities that have a definitively established year-round publishing plan (magazines, publishing houses) or a closed plan of exhibitions, concerts, creation of new performances including the dates and conditions of their presentation.","{""types"": [""organisation""]}",unsure,'entities' with a publishing/exhibition plan
fpu_slovakia_d6c96b5ea377_1,APPLICANT_TYPE,Support is intended exclusively for entities holding authorization to perform the activities they plan to implement within the project (publishing activity).,"{""types"": [""organisation""]}",unsure,'entities holding authorization'
fpu_slovakia_a78a2c72832b_0a,APPLICANT_TYPE,The eligible applicant is exclusively a natural person.,"{""types"": [""individual""]}",,
fpu_slovakia_2c7e23b1350c_1,APPLICANT_TYPE,The grant may be provided exclusively to entities holding authorization to perform the activities they plan to carry out within the project.,"{""types"": [""organisation""]}",unsure,'entities holding authorization'
creative_ireland_e896d7db1d6a_5,APPLICANT_TYPE,The lead applicant must be a local authority in Ireland.,"{""types"": [""organisation""], ""also_requires"": ""local authority in Ireland""}",,
fpu_slovakia_c225bfd4c2a2_4,APPLICANT_TYPE,"Eligible applicants: Support is intended for entities that demonstrably operate in the above-mentioned area and have the relevant legal form authorizing them to submit an application. commercial company, civic association, foundation, association of legal entities, non-profit organization providing generally beneficial services, non-investment fund.","{""types"": [""organisation""]}",,
kulturdirektoratet_norway_51f931899871_1,APPLICANT_TYPE,"Grants for preliminary projects may be applied for by private individuals, institutions, organizations, and enterprises affiliated with the Romani people/Tater people.","{""types"": [""individual"", ""organisation""], ""also_requires"": ""affiliated with the Romani/Tater people""}",,
kulturdirektoratet_norway_70fed813390a_0,APPLICANT_TYPE,Professional arts and culture organizations can apply to hire an apprentice.,"{""types"": [""organisation""]}",,
fpu_slovakia_bd27a915f70d_1,APPLICANT_TYPE,Organizations that systematically work on the upbringing and cultural education of children and youth.,"{""types"": [""organisation""]}",,
nordic_culture_fund_a339ebc0734d_0,APPLICANT_TYPE,Both individuals and organisations can apply to ENTER.,"{""types"": [""individual"", ""organisation""]}",,
kulturdirektoratet_norway_1b92a135ec95_2,APPLICANT_TYPE,Grants are awarded to performing arts institutions that have staged new drama for an audience.,"{""types"": [""organisation""], ""also_requires"": ""performing arts institution""}",,
fpu_slovakia_2db15a64c5aa_2,APPLICANT_TYPE,"The applicant must have one of the following legal forms: a) self-employed natural person, b) non-profit organization providing generally beneficial services, c) commercial company, d) civic association, e) foundation.","{""types"": [""individual"", ""organisation""], ""also_requires"": ""registered legal form (a natural person only as self-employed)""}",unsure,
arts_council_wales_b3ec3ab6ac65_1a,APPLICANT_TYPE,Pupil referral units in Wales.,"{""types"": [""organisation""], ""also_requires"": ""pupil referral unit in Wales""}",,
kulturdirektoratet_norway_4d4eba8d85e6_0b,APPLICANT_TYPE,that is registered in the Register of Business Enterprises,,unsure,fragment; individuals can register a business too
kulturdirektoratet_norway_70fed813390a_5,STUDENT_STATUS,"The candidate cannot, in parallel with the planned apprenticeship period, be in an educational program that is relevant to the apprentice position for which funding is applied.","{""enrolled"": true, ""also_requires"": ""programme relevant to the apprentice position""}",,with EXCLUDES
fundacao_gulbenkian_86e33a273257_1,STUDENT_STATUS,"Will be enrolled in the 2nd, 3rd or 4th year of a bachelor's degree or integrated master's programme, or in the 1st year of a master's degree, during the 2026/2027 academic year at a higher education institution in Portugal.","{""enrolled"": true, ""also_requires"": ""specific years/programmes in Portugal""}",,
kunsten_be_flanders_217b1f327dad_1,STUDENT_STATUS,You are pursuing a master’s degree or have just graduated as a musician,,,enrolled OR just graduated: an OR inside one sentence
kunsten_be_flanders_86ac6db836bb_1,STUDENT_STATUS,You have recently graduated,,,'recently': no number
villa_arson_0b9a48542cab_1,STUDENT_STATUS,The call is open to artists who graduated from Villa Arson less than three years ago.,"{""graduated_within_years"": 3, ""also_requires"": ""graduated from Villa Arson""}",,
mondriaan_fund_b4f100323dba_9,STUDENT_STATUS,The exception is part-time programmes (not Bachelor’s programmes) of less than 20 hours a week.,,,an exception to a rule stated elsewhere
mondriaan_fund_e52bef22781c_10,STUDENT_STATUS,"Bachelor’s, Master’s or postdoctoral programmes.",,,fragment: list of programmes
norwegian_crafts_b95531319424_1,STUDENT_STATUS,"Applicants cannot be enrolled in educational programs (including high school, bachelor’s, or master’s degree programs) at the time of application or event period.","{""enrolled"": true}",,with EXCLUDES
focuna_luxembourg_65e417572cdc_0,STUDENT_STATUS,"The grant is awarded through a call for projects to students, doctoral candidates, researchers (or a collective of students or researchers), with no age criterion, who are officially attached to a university, a university of applied sciences, or a scientific institution, a scientific team, or a scientific laboratory.",,,students OR researchers
kunststiftung_nrw_8cec63e1851f_2,STUDENT_STATUS,students are excluded from applying,"{""enrolled"": true}",,with EXCLUDES
mondriaan_fund_e52bef22781c_14,STUDENT_STATUS,You may not apply for the Voucher International contribution while studying at educational institutions for e.g.,"{""enrolled"": true}",,with EXCLUDES
bmwkms_austria_36f95e7e131b_2,STUDENT_STATUS,"This includes all persons enrolled at a university/university of applied sciences, regardless of their field of study.","{""enrolled"": true}",,an exclusion only via the previous sentence
fundacao_gulbenkian_86e33a273257_0,STUDENT_STATUS,Applications are open to students who:,"{""enrolled"": true}",,
kunsten_be_flanders_2c5ed7b40a1d_1,STUDENT_STATUS,Undergraduate and Master’s students are not eligible.,"{""enrolled"": true, ""also_requires"": ""undergraduate or master's level""}",,with EXCLUDES: a PhD student must not be rejected
mondriaan_fund_e52bef22781c_15,STUDENT_STATUS,"Bachelor's, Master's or postdoctoral programmes.",,,fragment: list of programmes
kulturdirektoratet_norway_b56f43f62a98_4,STUDENT_STATUS,"In 2026, the Norwegian Directorate for Culture awards master’s scholarships to students who have started or will start work on their master’s thesis in the spring semester 2026, autumn semester 2026, or spring semester 2027.","{""enrolled"": true, ""also_requires"": ""master's thesis in 2026-27""}",,
mondriaan_fund_a939eddff305_4,STUDENT_STATUS,You cannot apply for or use a contribution while enrolled to study at educational institutions for e.g.,"{""enrolled"": true}",,with EXCLUDES
villa_arson_0b9a48542cab_0,STUDENT_STATUS,This call for applications is intended for artists who graduated from Villa Arson less than 3 years ago.,"{""graduated_within_years"": 3, ""also_requires"": ""graduated from Villa Arson""}",,
mondriaan_fund_e52bef22781c_9,STUDENT_STATUS,You may not apply for the Voucher International contribution while studying at educational institutions for e.g.,"{""enrolled"": true}",,with EXCLUDES
kunsten_be_flanders_ad6b7bb11552_0a,STUDENT_STATUS,"This season we'll select 28 recently graduated artists, they will be divided into 7 different groups.",,,'recently': no number
