opportunity_id,chunk_id,chunk_text,reason
mondriaan_fund_3b86b5d4af2f,mondriaan_fund_3b86b5d4af2f_2,You,"genuine upstream truncation in source text, not a real sentence"
kunstlerhaus_bethanien_25455ce5e85d,kunstlerhaus_bethanien_25455ce5e85d_0,"To apply, you must: be a New Zealand citizen or permanent resident have a strong national reputation as a visual artist, which means you have: - received critical recognition for your work, or - completed a body of work acknowledged for its artistic excellence You must be available to base yourself in Berlin between 15 January and 15 December 2027.","genuinely multi-constraint (NATIONALITY+RESIDENCE+DISCIPLINE+OTHER_ELIGIBILITY+RESIDENCE) but source text is missing punctuation between clauses (e.g. ""excellence You must""), no reliable boundary to split at -- needs manual review, not a mechanical split"
fpu_slovakia_432262479bbc,fpu_slovakia_432262479bbc_0,for eligible applicants,"floating fragment, no stated criterion, likely a mis-split heading"
kunsten_be_flanders_6fb802635c01,kunsten_be_flanders_6fb802635c01_0,Studeer je of werk je volgend academiejaar aan Associatie KU Leuven (incl.,"untranslated Dutch -- requirements_text_en pipeline gap for this opportunity, not English despite the column name; flagging for a separate data-quality check rather than translating inline"
kunsten_be_flanders_6fb802635c01,kunsten_be_flanders_6fb802635c01_1,LUCA School of Arts)?,"untranslated Dutch, continuation of _0, same reason"
kunsten_be_flanders_6fb802635c01,kunsten_be_flanders_6fb802635c01_2,Ben je op zoek naar een ruimte voor je artistieke praktijk?,"untranslated Dutch, same reason"
kulturdirektoratet_norway_0829c1124ca4,kulturdirektoratet_norway_0829c1124ca4_3,We are looking for participants with: an artistic vision and interest in sustainability willingness to explore new approaches to touring and international collaboration motivation to participate in international collaboration National music and performing arts institutions with operating grants from the state budget's chapter 323/item 70 will not be prioritized.,"mostly soft/vague run-on plus one genuine concrete exclusion at the end, but missing punctuation between clauses gives no reliable split boundary -- needs manual review"
cyprus_funding_programmes_culture_7d4c26b8a3df,cyprus_funding_programmes_culture_7d4c26b8a3df_0,"Order to be eligible, the applicants (beneficiaries and affiliated entities) must: be legal entities (public or private bodies) be established in one of the eligible countries, i.e.: Creative Europe Participating Countries: EU Member States (including overseas countries and territories (OCTs) non-EU countries: listed EEA countries and countries associated to the Creative Europe Programme or countries which are in ongoing ne","missing punctuation between clauses, and cut off mid-word (""ongoing ne...""), no reliable split boundary -- needs manual review"
institut_francais_programs_bfba154d624a,institut_francais_programs_bfba154d624a_0,"Le FCFA soutient uniquement des projets proposés par les représentations diplomatiques française et allemande à l'étranger : services culturels des Ambassades ou Consulats, Instituts français, Alliances françaises, Goethe-Institut.","untranslated French -- requirements_text_en pipeline gap for this opportunity, not English despite the column name; flagging for a separate data-quality check rather than translating inline"
institut_francais_programs_bfba154d624a,institut_francais_programs_bfba154d624a_1,"Les réseaux diplomatiques français et allemand du pays d'accueil conçoivent et montent un projet commun, en partenariat étroit avec les institutions et interlocuteurs locaux.","untranslated French -- requirements_text_en pipeline gap for this opportunity, not English despite the column name; flagging for a separate data-quality check rather than translating inline"
institut_francais_programs_bfba154d624a,institut_francais_programs_bfba154d624a_2,"Si le projet est retenu, il est mené conjointement par les partenaires français et allemand.","untranslated French -- requirements_text_en pipeline gap for this opportunity, not English despite the column name; flagging for a separate data-quality check rather than translating inline"
bmwkms_austria_9877daa33711,bmwkms_austria_9877daa33711_0,"Associations, groups of artists (for associations/groups of artists with registered office abroad, the project must have a connection to Austria; individual persons with Austrian citizenship or permanent residence in Austria; submission of projects (exhibitions or other undertakings) that take place in institutions which already receive annual programme funding from the BMWKMS is not possible.","multiple distinct constraints (entity-type, RESIDENCE-connection, NATIONALITY/RESIDENCE, prior-funding exclusion) crammed together with broken/unclear parenthetical structure -- needs manual review"
bmwkms_austria_9877daa33711,bmwkms_austria_9877daa33711_1,"Individual persons with Austrian citizenship or permanent residence in Austria Associations, institutions or other legal entities with registered office in Austria for applicants with registered office abroad, the project or the artistic CV must have a connection to Austria undertakings that pursue a purely commercial intention are not recommended for funding, as are projects (exhibitions, publications, etc.) in commercial Austrian galleries/institutions, participation in trade fairs undertakings by persons who are still in training are not recommended for funding, as are projects by universities or projects within the framework of university studies projects or undertakings that are part of already funded annual programmes or projects cannot be recommended for funding funding of projects, exhibitions in/from Austrian territorial authorities and their institutions cannot be funded, and scholarship programmes of the Austrian federal provinces are also not supported.","massive run-on, many distinct clauses with no punctuation between them, no reliable split boundary -- needs manual review"
bmwkms_austria_9877daa33711,bmwkms_austria_9877daa33711_3,"The department has no responsibility for the funding of structural renovation and adaptation work, studio conversions Formal criteria: incomplete submissions cannot be funded the calculation must be appropriate and balanced and comply with the principles of economy, thrift and expediency the financing requirements must be met with regard to overall financing projects that have already been assessed by the relevant advisory board cannot be submitted a second time applications must be submitted in good time (approximately 3 months) before the project starts, funding for projects that have already started or have already been completed is not possible Content criteria: undertakings that can be recommended for funding should demonstrate artistic and/or theoretical quality be comprehensible in terms of content deal conceptually with relevant artistic and social issues and, in doing so, break new ground with knowledge of the existing contexts strengthen the presence and networking of Austrian art in the public sphere both nationally and internationally display some of the following criteria continuity exemplary approach gender aspect promotion of young talent interculturality cultural sustainability consideration of measures in the area of Fair Pay consideration of the diversity of those involved","massive run-on mixing procedural rules and project-quality criteria, no punctuation boundaries, mostly not even applicant eligibility -- needs manual review"
kulturdirektoratet_norway_e1b48f36972d,kulturdirektoratet_norway_e1b48f36972d_7,"To apply for operational grants, you must be an activity with an organisation number or have a permanent activity with its own name and budget, which is part of a larger activity for a minimum of three years have had extensive concert activity throughout the year and/or be a larger ensemble or band that has had year-round operations for a minimum of three years You can apply for grants for up to three years, and we encourage you to apply for multi-year grants.","real eligibility content (org-status, 3-year operating history) mixed with a trailing procedural note, but missing punctuation gives no reliable boundary -- needs manual review"
kulturdirektoratet_norway_e1b48f36972d,kulturdirektoratet_norway_e1b48f36972d_11,"Under this scheme, we do not provide grants for composition and creative production – see instead the grant scheme for composition and production of music recording and publishing costs – see instead the Fund for Sound and Image, the grant scheme for special recording projects and the grant scheme for publication of music releases concert and touring activity on behalf of the Cultural Schoolbag investments in equipment pure solo engagements for choirs and orchestras enterprises where public debt negotiations or bankruptcy proceedings have been opened We do not provide grants for activities that have been completed before the application deadline.","mostly project-type/scope exclusions (not applicant eligibility) plus one real OTHER_ELIGIBILITY exclusion (bankruptcy status) buried inside, no punctuation boundaries -- needs manual review"
kulturdirektoratet_norway_e1b48f36972d,kulturdirektoratet_norway_e1b48f36972d_12,"As a rule, you cannot apply for grants for the following, unless there are special circumstances or needs that you can justify in the application: a single standalone concert concert activity that is not public or generally accessible concert activity without ticket or fee income concert activity without performer fees concert activity involving performers who are in education If the application falls outside the purpose of the scheme or the criteria for who can apply or what can receive funding, it will be rejected by the Arts Council's secretariat.",mostly project-type restrictions with no punctuation boundaries between items -- needs manual review
kunst_dk_denmark_823c0bbbc582,kunst_dk_denmark_823c0bbbc582_2,Who may apply?,"bare section heading, not a sentence - chunking artifact; removed from labeled set 2026-09-29 (SS6), was labeled NONE"
kunst_dk_denmark_823c0bbbc582,kunst_dk_denmark_823c0bbbc582_4,Who may not apply?,"bare section heading, not a sentence - chunking artifact; removed from labeled set 2026-09-29 (SS6), was labeled NONE"
kunstlerhaus_bethanien_25455ce5e85d,kunstlerhaus_bethanien_25455ce5e85d_1,Who cannot apply,"bare section heading, not a sentence - chunking artifact; removed from labeled set 2026-09-29 (SS6), was labeled NONE"
kunsten_be_flanders_61e96ffd7526,kunsten_be_flanders_61e96ffd7526_1,What are our requirements for participation?,"bare section heading, not a sentence - chunking artifact; removed from labeled set 2026-09-29 (SS6), was labeled NONE"
dansateliers_rotterdam_e3404a6adf78,dansateliers_rotterdam_e3404a6adf78_0,Who can apply?,"bare section heading, not a sentence - chunking artifact; removed from labeled set 2026-09-29 (SS6), was labeled NONE"
dansateliers_rotterdam_e3404a6adf78,dansateliers_rotterdam_e3404a6adf78_7,We are looking for,"bare section heading, not a sentence - chunking artifact; removed from labeled set 2026-09-29 (SS6), was labeled NONE"
national_culture_fund_bulgaria_8fca12fac738,national_culture_fund_bulgaria_8fca12fac738_0,Eligible applicants,"bare section heading, not a sentence - chunking artifact; removed from labeled set 2026-09-29 (SS6), was labeled NONE"
national_culture_fund_bulgaria_8fca12fac738,national_culture_fund_bulgaria_8fca12fac738_4,Ineligible applicants,"bare section heading, not a sentence - chunking artifact; removed from labeled set 2026-09-29 (SS6), was labeled NONE"
kulturdirektoratet_norway_e1b48f36972d,kulturdirektoratet_norway_e1b48f36972d_10,What cannot receive funding?,"bare section heading, not a sentence - chunking artifact; removed from labeled set 2026-09-29 (SS6), was labeled NONE"
kulturdirektoratet_norway_e1b48f36972d,kulturdirektoratet_norway_e1b48f36972d_13,Who can apply?,"bare section heading, not a sentence - chunking artifact; removed from labeled set 2026-09-29 (SS6), was labeled NONE"
creative_ireland_b4833a165cef,creative_ireland_b4833a165cef_2,Applications with both East/West (i.e.,"malformed split (sentence cut at an abbreviation / list fragment), not a real sentence"
creative_ireland_b4833a165cef,creative_ireland_b4833a165cef_3,"England, Scotland and Wales) as well as North/South dimensions are welcome.","malformed split (sentence cut at an abbreviation / list fragment), not a real sentence"
creative_ireland_b4833a165cef,creative_ireland_b4833a165cef_5,Partners can include:,"bare section heading, not a sentence - chunking artifact (SS6 2026-09-29)"
creative_ireland_b4833a165cef,creative_ireland_b4833a165cef_8,including all-island networks,"malformed split (sentence cut at an abbreviation / list fragment), not a real sentence"
creative_ireland_b4833a165cef,creative_ireland_b4833a165cef_9,"Public sector bodies, including local authorities in","malformed split (sentence cut at an abbreviation / list fragment), not a real sentence"
creative_ireland_b4833a165cef,creative_ireland_b4833a165cef_10,"Northern Ireland, or established networks","malformed split (sentence cut at an abbreviation / list fragment), not a real sentence"
creative_ireland_b4833a165cef,creative_ireland_b4833a165cef_16,including universities,"malformed split (sentence cut at an abbreviation / list fragment), not a real sentence"
dgartes_portugal_57138fbb1bd9,dgartes_portugal_57138fbb1bd9_0,"within the scope of the Sustained Support Program in the area of Music and Opera, as provided for in Decree-Law No.","malformed split (sentence cut at an abbreviation / list fragment), not a real sentence"
dgartes_portugal_57138fbb1bd9,dgartes_portugal_57138fbb1bd9_1,"103/2017 of 24 August, in its current wording, and in the Regulation of the Arts Support Programs, approved in an annex to Ordinance No.","malformed split (sentence cut at an abbreviation / list fragment), not a real sentence"
dgartes_portugal_57138fbb1bd9,dgartes_portugal_57138fbb1bd9_2,345-A/2026/1 of 14 August.,"malformed split (sentence cut at an abbreviation / list fragment), not a real sentence"
dgartes_portugal_dd8e96231487,dgartes_portugal_dd8e96231487_1,"103/2017 of 24 August, as currently amended, under the following access conditions: a) Biennial support modality: have at least four years of continuous professional activity; b) Quadrennial support modality: have at least six years of continuous professional activity; have benefited, at least once in the last six years, from financial support from the State through DGARTES under the sustained support typology, provided that they have not been subject to the sanction provided for in point (c) of Article 23(1), and that the sanction provided for in point (a) of Article 23(1) of the same article is not in force, regardless of their legal nature or institutional model; have a creation and/or presentation space suitable for carrying out the supported activity.","starts mid legal reference and packs several constraints (years of activity, prior funding, venue) - needs manual review, not a mechanical split"
dgartes_portugal_dd8e96231487,dgartes_portugal_dd8e96231487_2,"For the purposes of access to the modality provided for in point (b) of paragraph 1, the last two sustained support cycles (2018-2022 and 2023-2026), in the quadrennial and biennial modalities, granted under Decree-Law No.","malformed split (sentence cut at an abbreviation / list fragment), not a real sentence"
dgartes_portugal_dd8e96231487,dgartes_portugal_dd8e96231487_3,"103/2017 of 24 August, as currently amended, shall be taken into account.","malformed split (sentence cut at an abbreviation / list fragment), not a real sentence"
dgartes_portugal_dd8e96231487,dgartes_portugal_dd8e96231487_7,"103/2017 of 24 August, as currently amended.","malformed split (sentence cut at an abbreviation / list fragment), not a real sentence"
kulturdirektoratet_norway_50ecb345154b,kulturdirektoratet_norway_50ecb345154b_0,You can apply for this scheme if you can demonstrate an artistic practice in development and growth you are involved in production and dissemination your business is registered in the Norwegian Register of Business Enterprises the main part of your activity is in Norway,multi-constraint run-on with missing punctuation between clauses - no reliable boundary to split at
kunsten_be_flanders_37a488364201,kunsten_be_flanders_37a488364201_0,Who is it for?,"bare section heading, not a sentence - chunking artifact (SS6 2026-09-29)"
kunsten_be_flanders_399ae984ab54,kunsten_be_flanders_399ae984ab54_9,Agree to provide n.,"malformed split (sentence cut at an abbreviation / list fragment), not a real sentence"
kunsten_be_flanders_399ae984ab54,kunsten_be_flanders_399ae984ab54_10,3 (three) copies of each edition printed to Gate44’s archives.,"malformed split (sentence cut at an abbreviation / list fragment), not a real sentence"
matadero_madrid_68fd1c2a018a,matadero_madrid_68fd1c2a018a_0,"Esta convocatoria consta de una única modalidad dirigida a bandas o artistas solistas dentro del género del pop-rock, si bien estos estilos se podrán relacionar con otros géneros como el punk, el garage, la electrónica, el folk o el hip-hop, entre otros.","untranslated source text (Spanish) in requirements_text_en - translation-pipeline gap, same as round-1 French/Dutch skips"
matadero_madrid_68fd1c2a018a,matadero_madrid_68fd1c2a018a_1,"Podrán presentarse a la Convocatoria, conjuntamente, personas físicas o agrupadas, sin exigirse la formalización de relación jurídica alguna entre ellas.","untranslated source text (Spanish) in requirements_text_en - translation-pipeline gap, same as round-1 French/Dutch skips"
matadero_madrid_68fd1c2a018a,matadero_madrid_68fd1c2a018a_2,"En caso de pluralidad de personas físicas presentadas conjuntamente, se deberá señalar un representante al que el resto de los integrantes del colectivo deberán ceder los derechos de representación y con el que se entenderán todas las relaciones obligaciones, todo ello sin perjuicio de las relaciones internas entre ellos para el cumplimiento de los compromisos de la presente convocatoria.","untranslated source text (Spanish) in requirements_text_en - translation-pipeline gap, same as round-1 French/Dutch skips"
matadero_madrid_68fd1c2a018a,matadero_madrid_68fd1c2a018a_3,"En todo caso, los miembros del colectivo responderán solidariamente.","untranslated source text (Spanish) in requirements_text_en - translation-pipeline gap, same as round-1 French/Dutch skips"
matadero_madrid_68fd1c2a018a,matadero_madrid_68fd1c2a018a_4,Solo podrán presentarse aquellas personas que tengan su residencia en la Comunidad de Madrid.,"untranslated source text (Spanish) in requirements_text_en - translation-pipeline gap, same as round-1 French/Dutch skips"
matadero_madrid_68fd1c2a018a,matadero_madrid_68fd1c2a018a_5,"Los artistas o bandas no deben tener ningún contrato discográfico, ni editorial ni de management en el momento de concurrir a esta convocatoria.","untranslated source text (Spanish) in requirements_text_en - translation-pipeline gap, same as round-1 French/Dutch skips"
matadero_madrid_68fd1c2a018a,matadero_madrid_68fd1c2a018a_6,"Podrán presentarse a la presente convocatoria mayores de edad, con capacidad de obrar y residencia legal en España, y que no incurra en ninguna de las prohibiciones de contratar establecidas en el artículo 71 de la Ley de Contratos del Sector Público.","untranslated source text (Spanish) in requirements_text_en - translation-pipeline gap, same as round-1 French/Dutch skips"
matadero_madrid_68fd1c2a018a,matadero_madrid_68fd1c2a018a_7,Los proyectos presentados deberán contener al menos un setenta por ciento (70%) de repertorio propio.,"untranslated source text (Spanish) in requirements_text_en - translation-pipeline gap, same as round-1 French/Dutch skips"
kunsten_be_flanders_a5a634ac992c,kunsten_be_flanders_a5a634ac992c_0,"Conditions for participation being over the age of majority (18+) being a Belgian artist photographer and/or artists photographers residing in Belgium should demonstrate at least ONE of these two possibilities: – have a track record of professional practice as an artist (exhibitions, publications) – have an art school degree This call is open ONLY for original and unpublished projects / The works must be conceived, created, and produced specifically for this commission and presented for the first time at Hangar.","multi-constraint run-on (AGE, NATIONALITY/RESIDENCE, CAREER_STAGE/EDUCATION, project rules) with missing punctuation - needs manual review"
fpu_slovakia_1a34b05e609f,fpu_slovakia_1a34b05e609f_2,ATTENTION!,"bare section heading, not a sentence - chunking artifact (SS6 2026-09-29)"
kunst_dk_denmark_6dba7d4003de,kunst_dk_denmark_6dba7d4003de_2,When you apply for project funding,"bare section heading, not a sentence - chunking artifact (SS6 2026-09-29)"
kunsten_be_flanders_8a344b3ec711,kunsten_be_flanders_8a344b3ec711_0,Are you eligible for this extra financial support?,"bare section heading, not a sentence - chunking artifact (SS6 2026-09-29)"
cite_internationale_des_arts_faaa6d16811c,cite_internationale_des_arts_faaa6d16811c_3,"Applications are not accepted from persons who … have been awarded a Hessische Kulturstiftung travel or residency grant in the past (does not apply to State of Hesse work, project, or gap grants) are still in the process of pursuing a degree vocational training programme at the time of the application are related to one of the jury members, are employed by the Hessische Kulturstiftung, or are related to a Hessische Kulturstiftung employee.","multi-exclusion run-on (prior grant, current study, jury relation, employment) with missing punctuation - needs manual review"
matadero_madrid_b60daccaf965,matadero_madrid_b60daccaf965_0,"Esta convocatoria está dirigida a creadores de artes  visuales individuales o colectivos , que trabajen sobre cuestiones relacionadas con el  medioambiente, y  que tengan su residencia o ámbito principal de acción en la Comunidad de Madrid y/o en España, y de cuya documentación o trayectoria se acredite tal circunstancia.","untranslated source text in requirements_text_en - translation-pipeline gap, same as round-1 French/Dutch skips"
matadero_madrid_b60daccaf965,matadero_madrid_b60daccaf965_1,"Podrán presentarse a la Convocatoria, conjuntamente, varias personas físicas por sí mismas o agrupadas, sin exigirse la formalización de relación jurídica alguna entre ellas.","untranslated source text in requirements_text_en - translation-pipeline gap, same as round-1 French/Dutch skips"
matadero_madrid_b60daccaf965,matadero_madrid_b60daccaf965_2,"En caso de pluralidad de personas físicas presentadas conjuntamente, se deberá señalar un representante al que el resto de los integrantes del colectivo deberán ceder los derechos de representación y con el que se entenderán todas las relaciones obligacion ales, todo ello sin perjuicio de las relaciones internas entre ellos para el cumplimiento de los compromisos de la presente convocatoria.","untranslated source text in requirements_text_en - translation-pipeline gap, same as round-1 French/Dutch skips"
matadero_madrid_b60daccaf965,matadero_madrid_b60daccaf965_3,"En todo caso, los miembros del colectivo responderán solidariamente.","untranslated source text in requirements_text_en - translation-pipeline gap, same as round-1 French/Dutch skips"
matadero_madrid_b60daccaf965,matadero_madrid_b60daccaf965_4,"Solo podrán presentarse aquellas personas físicas, mayores de edad,  con residencia legal en España, con capacidad de obrar y que no incurran en ninguna de las prohibiciones de contratar establecidas en el artículo 71 de la Ley de Contratos del Sector Público.","untranslated source text in requirements_text_en - translation-pipeline gap, same as round-1 French/Dutch skips"
matadero_madrid_b60daccaf965,matadero_madrid_b60daccaf965_5,"Los residentes convivirán con otros artistas y agentes culturales locales e internacionales y con otros agentes y proyectos colaboradores del Centro de residencias artísticas de Matadero Madrid, por lo que tendrán que ser permeables a este espacio abierto de hospitalidad, convivencia, intercambio personal y profesional y cuidados; siendo habitual que el idioma de comunicación sea no solo el castellano, sino también el inglés.","untranslated source text in requirements_text_en - translation-pipeline gap, same as round-1 French/Dutch skips"
matadero_madrid_b60daccaf965,matadero_madrid_b60daccaf965_6,"El proyecto presentado deberá responder a la autoría del creador o creadores en caso de ser un colectivo, solicitantes a esta convocatoria.","untranslated source text in requirements_text_en - translation-pipeline gap, same as round-1 French/Dutch skips"
matadero_madrid_b60daccaf965,matadero_madrid_b60daccaf965_7,Se seleccionarán un total de 8 proyectos.,"untranslated source text in requirements_text_en - translation-pipeline gap, same as round-1 French/Dutch skips"
matadero_madrid_b60daccaf965,matadero_madrid_b60daccaf965_8,"Como mínimo 4 proyectos serán de artistas residentes en la Comunidad de Madrid y hasta un máximo de 4 podrán ser artistas con residencia en el resto de España, circunstancia que se acreditará a través del certificado de empadronamiento.","untranslated source text in requirements_text_en - translation-pipeline gap, same as round-1 French/Dutch skips"
matadero_madrid_b60daccaf965,matadero_madrid_b60daccaf965_9,"Las residencias tendrán una duración de 3 meses, entre el 15 de septiembre y el 15 diciembre de 2025.","untranslated source text in requirements_text_en - translation-pipeline gap, same as round-1 French/Dutch skips"
deutscher_uebersetzerfonds_fdd3e8bbaa01,deutscher_uebersetzerfonds_fdd3e8bbaa01_1,"2 pages in total) Short biography, professional career (max.","malformed split (sentence cut at an abbreviation / line break / list fragment), not a real sentence"
deutscher_uebersetzerfonds_fdd3e8bbaa01,deutscher_uebersetzerfonds_fdd3e8bbaa01_2,"1 standard page) List of publications and, if applicable, awards (max.","malformed split (sentence cut at an abbreviation / line break / list fragment), not a real sentence"
deutscher_uebersetzerfonds_fdd3e8bbaa01,deutscher_uebersetzerfonds_fdd3e8bbaa01_3,1 standard page) Copy of the relevant passage from the original Copy of the publishing contract (Definition of standard page: maximum 30 lines of maximum 60 characters each including spaces),"malformed split (sentence cut at an abbreviation / line break / list fragment), not a real sentence"
konstepidemin_df24847c1417,konstepidemin_df24847c1417_0,Have you applied for a studio at Konstepidemin before?,"application-form field residue (form labels / checkboxes scraped as text), not requirement prose"
konstepidemin_df24847c1417,konstepidemin_df24847c1417_1,Yes No,"application-form field residue (form labels / checkboxes scraped as text), not requirement prose"
konstepidemin_df24847c1417,konstepidemin_df24847c1417_2,Applicant information,"application-form field residue (form labels / checkboxes scraped as text), not requirement prose"
konstepidemin_df24847c1417,konstepidemin_df24847c1417_3,Name,"application-form field residue (form labels / checkboxes scraped as text), not requirement prose"
konstepidemin_df24847c1417,konstepidemin_df24847c1417_4,Born year,"application-form field residue (form labels / checkboxes scraped as text), not requirement prose"
konstepidemin_df24847c1417,konstepidemin_df24847c1417_5,Phone Number,"application-form field residue (form labels / checkboxes scraped as text), not requirement prose"
konstepidemin_df24847c1417,konstepidemin_df24847c1417_6,E-mail,"application-form field residue (form labels / checkboxes scraped as text), not requirement prose"
konstepidemin_df24847c1417,konstepidemin_df24847c1417_7,County,"application-form field residue (form labels / checkboxes scraped as text), not requirement prose"
konstepidemin_df24847c1417,konstepidemin_df24847c1417_8,Zip Code,"application-form field residue (form labels / checkboxes scraped as text), not requirement prose"
konstepidemin_df24847c1417,konstepidemin_df24847c1417_9,Art field,"application-form field residue (form labels / checkboxes scraped as text), not requirement prose"
konstepidemin_df24847c1417,konstepidemin_df24847c1417_10,Website,"application-form field residue (form labels / checkboxes scraped as text), not requirement prose"
konstepidemin_df24847c1417,konstepidemin_df24847c1417_11,Link to the Open Web - not closed services like Instagram.,"application-form field residue (form labels / checkboxes scraped as text), not requirement prose"
konstepidemin_df24847c1417,konstepidemin_df24847c1417_12,Requests,"application-form field residue (form labels / checkboxes scraped as text), not requirement prose"
konstepidemin_df24847c1417,konstepidemin_df24847c1417_13,Check desired size of studio:,"application-form field residue (form labels / checkboxes scraped as text), not requirement prose"
konstepidemin_df24847c1417,konstepidemin_df24847c1417_14,Smaller than 20 sqm,"application-form field residue (form labels / checkboxes scraped as text), not requirement prose"
konstepidemin_df24847c1417,konstepidemin_df24847c1417_15,20–40 sqm,"application-form field residue (form labels / checkboxes scraped as text), not requirement prose"
konstepidemin_df24847c1417,konstepidemin_df24847c1417_16,40–80 sqm,"application-form field residue (form labels / checkboxes scraped as text), not requirement prose"
konstepidemin_df24847c1417,konstepidemin_df24847c1417_17,Larger than 80 sqm,"application-form field residue (form labels / checkboxes scraped as text), not requirement prose"
konstepidemin_df24847c1417,konstepidemin_df24847c1417_18,Community organisation duties,"application-form field residue (form labels / checkboxes scraped as text), not requirement prose"
konstepidemin_df24847c1417,konstepidemin_df24847c1417_19,"As an artist at	Konstepidemin you are required to	take	part	in the board, the culture committee, or","application-form field residue (form labels / checkboxes scraped as text), not requirement prose"
konstepidemin_df24847c1417,konstepidemin_df24847c1417_20,"one of our work sections: gallery, studio, stage, kids	and youths, the international group, outdoor/gardening.","application-form field residue (form labels / checkboxes scraped as text), not requirement prose"
konstepidemin_df24847c1417,konstepidemin_df24847c1417_21,Check area of	interest (more	than	one is allowed).,"application-form field residue (form labels / checkboxes scraped as text), not requirement prose"
konstepidemin_df24847c1417,konstepidemin_df24847c1417_22,Groups,"application-form field residue (form labels / checkboxes scraped as text), not requirement prose"
konstepidemin_df24847c1417,konstepidemin_df24847c1417_23,The board,"application-form field residue (form labels / checkboxes scraped as text), not requirement prose"
konstepidemin_df24847c1417,konstepidemin_df24847c1417_24,Culture committee,"application-form field residue (form labels / checkboxes scraped as text), not requirement prose"
konstepidemin_df24847c1417,konstepidemin_df24847c1417_25,Gallery group,"application-form field residue (form labels / checkboxes scraped as text), not requirement prose"
konstepidemin_df24847c1417,konstepidemin_df24847c1417_26,Studio group,"application-form field residue (form labels / checkboxes scraped as text), not requirement prose"
konstepidemin_df24847c1417,konstepidemin_df24847c1417_27,Stage group,"application-form field residue (form labels / checkboxes scraped as text), not requirement prose"
konstepidemin_df24847c1417,konstepidemin_df24847c1417_28,Kids and youth group,"application-form field residue (form labels / checkboxes scraped as text), not requirement prose"
konstepidemin_df24847c1417,konstepidemin_df24847c1417_29,International group,"application-form field residue (form labels / checkboxes scraped as text), not requirement prose"
konstepidemin_df24847c1417,konstepidemin_df24847c1417_30,Outdoor/gardening group,"application-form field residue (form labels / checkboxes scraped as text), not requirement prose"
konstepidemin_df24847c1417,konstepidemin_df24847c1417_31,CV & Personal letter,"application-form field residue (form labels / checkboxes scraped as text), not requirement prose"
institut_francais_programs_6c1cd2a3a743,institut_francais_programs_6c1cd2a3a743_0,"Seuls les Instituts français, les Instituts français de recherche à l’étranger et les Alliances françaises peuvent déposer un projet dans le cadre de cet appel, les SCAC n’étant pas habilités à recevoir une aide versée par l’Institut français.","untranslated source text in requirements_text_en - translation-pipeline gap, same as round-1 French/Dutch skips"
deutscher_uebersetzerfonds_3993fa2caeb1,deutscher_uebersetzerfonds_3993fa2caeb1_1,"1 page in total) short biography, professional background (max.","malformed split (sentence cut at an abbreviation / line break / list fragment), not a real sentence"
deutscher_uebersetzerfonds_3993fa2caeb1,deutscher_uebersetzerfonds_3993fa2caeb1_2,"1 standard page) list of publications (for theater, e.g.: commissions) and, if applicable, awards (max.","malformed split (sentence cut at an abbreviation / line break / list fragment), not a real sentence"
deutscher_uebersetzerfonds_3993fa2caeb1,deutscher_uebersetzerfonds_3993fa2caeb1_3,1 standard page) copy of the corresponding section of the original text (definition of standard page: maximum 30 lines of maximum 60 characters including spaces),"malformed split (sentence cut at an abbreviation / line break / list fragment), not a real sentence"
norwegian_crafts_ec6807d7b33a,norwegian_crafts_ec6807d7b33a_2,Eligibility requirements for galleries and independent exhibition spaces Applicants,"bare section heading, not a sentence - chunking artifact (SS6 2026-09-29)"
norwegian_crafts_ec6807d7b33a,norwegian_crafts_ec6807d7b33a_3,must present at least one Norwegian or Norway-based contemporary artist,"malformed split (sentence cut at an abbreviation / line break / list fragment), not a real sentence"
norwegian_crafts_ec6807d7b33a,norwegian_crafts_ec6807d7b33a_4,at one of the international art fairs included in the list of eligible,"malformed split (sentence cut at an abbreviation / line break / list fragment), not a real sentence"
norwegian_crafts_ec6807d7b33a,norwegian_crafts_ec6807d7b33a_5,art fairs.,"malformed split (sentence cut at an abbreviation / line break / list fragment), not a real sentence"
norwegian_crafts_ec6807d7b33a,norwegian_crafts_ec6807d7b33a_6,Artists involved in the operation of the gallery are not,"malformed split (sentence cut at an abbreviation / line break / list fragment), not a real sentence"
norwegian_crafts_ec6807d7b33a,norwegian_crafts_ec6807d7b33a_7,included in this minimum requirement.,"malformed split (sentence cut at an abbreviation / line break / list fragment), not a real sentence"
norwegian_crafts_ec6807d7b33a,norwegian_crafts_ec6807d7b33a_9,Eligibility requirements for art book publishers Applicants,"bare section heading, not a sentence - chunking artifact (SS6 2026-09-29)"
norwegian_crafts_ec6807d7b33a,norwegian_crafts_ec6807d7b33a_10,must present at least three publications about or featuring Norwegian,"malformed split (sentence cut at an abbreviation / line break / list fragment), not a real sentence"
norwegian_crafts_ec6807d7b33a,norwegian_crafts_ec6807d7b33a_11,or Norway-based contemporary artists at one of the international art book fairs included in the list of eligible art fairs.,"malformed split (sentence cut at an abbreviation / line break / list fragment), not a real sentence"
norwegian_crafts_ec6807d7b33a,norwegian_crafts_ec6807d7b33a_12,Of these,"malformed split (sentence cut at an abbreviation / line break / list fragment), not a real sentence"
norwegian_crafts_ec6807d7b33a,norwegian_crafts_ec6807d7b33a_13,"publications, at least three must be registered with an ISBN.","malformed split (sentence cut at an abbreviation / line break / list fragment), not a real sentence"
norwegian_crafts_ec6807d7b33a,norwegian_crafts_ec6807d7b33a_14,Publications that present artists involved in the publishing company are,"malformed split (sentence cut at an abbreviation / line break / list fragment), not a real sentence"
norwegian_crafts_ec6807d7b33a,norwegian_crafts_ec6807d7b33a_15,not included in this minimum requirement.,"malformed split (sentence cut at an abbreviation / line break / list fragment), not a real sentence"
norwegian_crafts_ec6807d7b33a,norwegian_crafts_ec6807d7b33a_16,The ISGIES scheme,"malformed split (sentence cut at an abbreviation / line break / list fragment), not a real sentence"
norwegian_crafts_ec6807d7b33a,norwegian_crafts_ec6807d7b33a_17,does not cover individual artists working with printed matter.,"malformed split (sentence cut at an abbreviation / line break / list fragment), not a real sentence"
deutscher_uebersetzerfonds_03397122e60c,deutscher_uebersetzerfonds_03397122e60c_1,1 standard page) detailed bibliography copy of the relevant passage of the original text (definition of a standard page: maximum 30 lines of a maximum of 60 characters including spaces),"malformed split (sentence cut at an abbreviation / line break / list fragment), not a real sentence"
kunsten_be_flanders_5dcf621a062f,kunsten_be_flanders_5dcf621a062f_1,"Tijdens de tweede editie van deze academy moedigen we, naast muzikanten, ook dansers en performers aan om deel te nemen.","untranslated source text in requirements_text_en - translation-pipeline gap, same as round-1 French/Dutch skips"
kunsten_be_flanders_2ed3f7c14414,kunsten_be_flanders_2ed3f7c14414_0,Visual Artists Active in visual arts or in trans­disciplinary performing arts Demonstrating a high artistic quality With a solid professional career in Belgium You Should Be available on 4 April 2026 for an introductory meeting in Hasselt Be free to travel for the duration of the program: 7 – 12 June 2026 Hold a Belgian nationality or have lived in Belgium for at least 3 years Prepare your own portfolio,multi-field run-on (form-like fields with no punctuation between them) - no reliable boundary to split at
kunsten_be_flanders_c218753995d0,kunsten_be_flanders_c218753995d0_0,"Participants: up to 3 artists and/or collectives, national and international Scope: performance, participatory practices, site-specific and community-based projects in urban space Conditions: shared accommodation and coworking space",multi-field run-on (form-like fields with no punctuation between them) - no reliable boundary to split at
institut_francais_programs_0fe835a45001,institut_francais_programs_0fe835a45001_3,"S’inscrire dans un temps fort national ou international : Journée européenne des langues, Printemps de l’esprit critique, Semaine du goût, Nuit des idées, semaine de la presse et des médias, 15 ans du label labelFranceÉducation, festivals et salons (musique, cinéma, littérature, jeu vidéo, sport, etc.).","untranslated source text in requirements_text_en - translation-pipeline gap, same as round-1 French/Dutch skips"
