chunk_text,label,scope,applies_to,decision,polarity,value,reason
"Residence NRW⁺ is aimed at artists with a connection to the federal state of North Rhine-Westphalia (origin, studies, or place of residence/work).",RESIDENCE,APPLICANT,,fix,REQUIRES,"{""any_of"": [{""label"": ""RESIDENCE"", ""countries"": [""DE""], ""also_requires"": ""North Rhine-Westphalia""}, {""label"": ""EDUCATION"", ""study_places"": [""North Rhine-Westphalia""]}, {""label"": ""OTHER_ELIGIBILITY"", ""also_requires"": ""origin in North Rhine-Westphalia""}]}","connection to NRW: residence, studies or origin"
"To be eligible to apply, you must have a background from Norway or be studying at an educational institution in Norway.",RESIDENCE,APPLICANT,,fix,REQUIRES,"{""any_of"": [{""label"": ""NATIONALITY"", ""countries"": [""NO""]}, {""label"": ""EDUCATION"", ""study_countries"": [""NO""]}, {""label"": ""OTHER_ELIGIBILITY"", ""also_requires"": ""other background from Norway""}]}",background from Norway or study in Norway
"To be eligible to apply, you must have a background from Norway or study at an educational institution in Norway.",RESIDENCE,APPLICANT,,fix,REQUIRES,"{""any_of"": [{""label"": ""NATIONALITY"", ""countries"": [""NO""]}, {""label"": ""EDUCATION"", ""study_countries"": [""NO""]}, {""label"": ""OTHER_ELIGIBILITY"", ""also_requires"": ""other background from Norway""}]}",background from Norway or study in Norway
"You have a link to Belgium: either by residence, education or nationality.",RESIDENCE,APPLICANT,,fix,REQUIRES,"{""any_of"": [{""label"": ""RESIDENCE"", ""countries"": [""BE""]}, {""label"": ""NATIONALITY"", ""countries"": [""BE""]}, {""label"": ""EDUCATION"", ""study_countries"": [""BE""]}]}","link to Belgium: residence, nationality or education"
The call is open to artists who graduated from Villa Arson less than three years ago.,STUDENT_STATUS,APPLICANT,,fix,REQUIRES,"{""graduated_within_years"": 3, ""institutions"": [""Villa Arson""]}",graduated from Villa Arson within 3 years
This call for applications is intended for artists who graduated from Villa Arson less than 3 years ago.,STUDENT_STATUS,APPLICANT,,fix,REQUIRES,"{""graduated_within_years"": 3, ""institutions"": [""Villa Arson""]}",graduated from Villa Arson within 3 years
Visual artists who … were born in Hesse or have lived in Hesse (primary residence) since no later than 1 January 2025 or have completed a degree at an art academy or a comparable course of study/training in Hesse can apply.,RESIDENCE,APPLICANT,,fix,REQUIRES,"{""any_of"": [{""label"": ""RESIDENCE"", ""countries"": [""DE""], ""also_requires"": ""Hesse, primary residence since 1 January 2025""}, {""label"": ""EDUCATION"", ""study_places"": [""Hesse""]}, {""label"": ""OTHER_ELIGIBILITY"", ""also_requires"": ""born in Hesse""}]}","born, lived or studied in Hesse"
A knowledge-transfer residency for the design and facilitation of family workshops is offered to alumni of Villa Arson.,STUDENT_STATUS,APPLICANT,,fix,REQUIRES,"{""any_of"": [{""label"": ""EDUCATION"", ""institutions"": [""Villa Arson""]}]}",alumni of Villa Arson
"Villa Arson invites its alumni to apply to participate in arts and cultural education projects in 2026, as part of the Villa Arson – J.H Fabre middle school (Nice) partnership and the Festival des Arts pour les Écoles (FAPE).",STUDENT_STATUS,APPLICANT,,fix,REQUIRES,"{""any_of"": [{""label"": ""EDUCATION"", ""institutions"": [""Villa Arson""]}]}",alumni of Villa Arson
An application call is launched for Villa Arson alumni for the production of an original sound piece.,STUDENT_STATUS,APPLICANT,,fix,REQUIRES,"{""any_of"": [{""label"": ""EDUCATION"", ""institutions"": [""Villa Arson""]}]}",alumni of Villa Arson
"You have a con­nec­ti­on to Ghent : you live in Ghent, have a studio or a gal­le­rist here, or recent­ly gra­du­a­ted from a Ghent art academy.",RESIDENCE,APPLICANT,,fix,REQUIRES,"{""any_of"": [{""label"": ""RESIDENCE"", ""countries"": [""BE""], ""also_requires"": ""lives in Ghent""}, {""label"": ""OTHER_ELIGIBILITY"", ""also_requires"": ""a studio or gallerist in Ghent""}, {""label"": ""EDUCATION"", ""study_places"": [""Ghent""], ""also_requires"": ""graduated recently""}]}","connection to Ghent: home, studio, gallerist or recent graduation"
Call for applications intended for the dnsep 2025 and 2026 cohorts of Villa Arson residing in the PACA Region,STUDENT_STATUS,APPLICANT,,fix,REQUIRES,"{""graduated_within_years"": 2, ""institutions"": [""Villa Arson""], ""also_requires"": ""DNSEP 2025/2026 cohorts, residing in the PACA Region""}",Villa Arson DNSEP 2025-2026 graduates in PACA
