chunk_id,chunk_text,your_label,your_note
kulturdirektoratet_norway_f6cdbf3d62d8_2,"The objects must have a total value of at least NOK 50 million, and they must be of significant artistic, cultural, or natural historical value.",NONE,
kunsten_be_flanders_f21d7f38a567_0,"Both emerging and established artists with a consistent professional practice, active in professional networks, and with a track record of exhibitions.",CAREER_STAGE,
arts_council_wales_d3407bbb0781_2,"Those eligible to apply include but are not limited to: Visual or applied artists and curators Theatre practitioners including directors, producers etc Dancers and dance professionals including choreographers and movement directors Musicians, composers and music creators Circus performers and practitioners Multidisciplinary artists Community arts practitioners Examples of creative practitioners we can’t support include: Commercial professionals. e.g. designers or retail-focussed makers, musicians making commercial music Filmmakers (please see Ffilm Cymru) Literary writers (please see Literature Wales) Please note - The aim of this fund is to support the development of your creative practice and not commercial activities / ventures.",DISCIPLINE,
focuna_luxembourg_d63b1cf9b11d_0b,or residing in Luxembourg,RESIDENCE,
european_cultural_foundation_7395e3ac9c32_0,"Civitates invites applications from independent media outlets registered in Hungary, Poland, Italy, Spain, Bulgaria, Slovakia, and Croatia.",RESIDENCE,
creative_ireland_b4833a165cef_12,Social enterprises,OTHER_ELIGIBILITY,
kunsten_be_flanders_45954c0f1127_0c,Project type: The festival aims to promote visual storytelling among emerging artists.,CAREER_STAGE,
mondriaan_fund_8e2af8800941_1,The application procedure is open to publicly accessible Dutch institutions that are in charge of museum collections of national or international significance.,RESIDENCE,
mondriaan_fund_bccb4029c0d9_6,"A period of enrolment in postdoctoral programmes and programmes at postgraduate institutions, such as the Rijksakademie, de Ateliers, the Jan van Eyck Academie, BAK or EKWC, will be counted as part of the duration of the professional practice.",CAREER_STAGE,
fpu_slovakia_7d1dec061d0c_2,"Support is not intended for: separate repeated performances of a stage work that has already been staged, writing a theatre work, creation without being linked to a specific stage performance of the work.",OTHER_ELIGIBILITY,
kunsten_be_flanders_45954c0f1127_0b,residing in any European Union country or the United Kingdom,RESIDENCE,
fpu_slovakia_196b091d363e_0,Applicant demonstrably active and carrying out activities in the field of literature.,DISCIPLINE,
rannis_iceland_af8426814170_0,"Target group Designers, Visual artists, Authors, Performers, Musicians, Composers and Film Authors.",DISCIPLINE,
norwegian_crafts_ec6cbcf93e7d_0a,You can apply for this scheme if you work in the field of crafts and are: craft artist or duojár part of an artist group a curator a writer/critic,DISCIPLINE,
kulturdirektoratet_norway_249e90c0e25b_21,"If the book is translated from Sámi or a national minority language, the original work cannot be more than five years old when you apply.",NONE,
kulturdirektoratet_norway_4cf11f6d8269_2,An author can usually only have one book purchased under this scheme per calendar year.,NONE,
bmwkms_austria_24ff03eefb27_1a,Individuals with Austrian citizenship,NATIONALITY,
kulturdirektoratet_norway_25c45f0fbcb7_1,The publisher must have a Norwegian organisation number.,RESIDENCE,
creative_ireland_b4833a165cef_0,"The Creative Ireland Programme invites applications from local authority Culture and Creativity Teams in Ireland working in partnership with local or national community, cultural and creative organisations in collaboration with North-South and/or East/West (Ireland-Britain) partners.",RESIDENCE,
matadero_madrid_15564c0bdd34_1,"We will value each applicant's particular trajectory, with the aim of fostering exchange between expert and emerging profiles.",CAREER_STAGE,
kulturdirektoratet_norway_b56f43f62a98_1,You must attach a recommendation letter from your supervisor.,NONE,
kunsten_be_flanders_399ae984ab54_4,"Must be able to travel to Milan for the scheduled residency, and be able to use the provided materials and equipment.",OTHER_ELIGIBILITY,
kunst_dk_denmark_64e7cbaea368_2,Examples of projects that the committee may fund include: Exhibitions and dissemination projects as well as exhibition series and annual programmes that involve works by contemporary artists and designers in Denmark and/or abroad.,NONE,
kulturdirektoratet_norway_c43308778cc6_2,"To apply for operating grants, you must be an enterprise with its own organization number, or a permanent activity with its own name and budget, which is part of a larger enterprise.",OTHER_ELIGIBILITY,
mondriaan_fund_bccb4029c0d9_7,You cannot apply for or use a contribution while enrolled to study at educational institutions for e.g.,EDUCATION,
mondriaan_fund_bccb4029c0d9_1a,"In order to be eligible for a contribution, you must be artistically active in the visual arts",DISCIPLINE,
kunsten_be_flanders_6f9b625b869d_10,Submit a letter of recommendation from a REMA member.,NONE,
kulturdirektoratet_norway_25c45f0fbcb7_11,You may apply for an exemption from the one-book rule on behalf of the author.,NONE,
creative_ireland_b4833a165cef_7,"Creative organisations, networks and collectives",OTHER_ELIGIBILITY,
kunsten_be_flanders_399ae984ab54_0,Artists whose practice already includes printmaking to some extent.,DISCIPLINE,
wiels_brussels_fcbabea29454_0c,who have completed their studies,EDUCATION,
cyprus_funding_programmes_culture_e643df5f8f75_2,"NB: in order to continue to provide support to Ukraine in the field of books, projects aimed at providing books in the Ukrainian language to Ukrainian refugees and displaced people will be encouraged.",NONE,
creative_ireland_4f64fc0a9e3f_1,They should work with HSE and local or National Health organisations to deliver these projects,NONE,
kulturdirektoratet_norway_70fed813390a_4,"The candidate must have arts and culture experience and interest, and may advantageously have education in arts and culture or equivalent practice.",EDUCATION,
kunsten_be_flanders_98e9614f22f8_4,"As before, the selected artist is expected to create a work inspired by Finno-Ugric cultures.",NONE,
kunst_dk_denmark_6dba7d4003de_5,"If your project combines two or more different art forms on equal terms, you may split up your project into separate subprojects and submit separate applications for each subproject to different funding programmes.",NONE,
kunst_dk_denmark_64e7cbaea368_0,"The Committee for Craft and Design Project Funding funds artists, designers, curators, authors, promoters, museums, galleries and others with an interest in developing and promoting craft and design in Denmark and Danish craft and design abroad in the form of projects.",DISCIPLINE,
mondriaan_fund_af60247339cd_2,"If there is an interim period between your graduation from the Bachelor’s programme with a visual arts curriculum and the start of your Master’s programme, this period will count as part of your professional practice.",EDUCATION,
kulturdirektoratet_norway_f6cdbf3d62d8_3,You can apply for funding both for objects that are publicly owned and for objects that are privately owned.,NONE,
