chunk_id,new_label,reason
kunst_dk_denmark_823c0bbbc582_5,APPLICANT_TYPE,applicant type / legal form (new APPLICANT_TYPE class)
kunst_dk_denmark_823c0bbbc582_6,APPLICANT_TYPE,applicant type / legal form (new APPLICANT_TYPE class)
kunsten_be_flanders_9b6a847d32f1_0,APPLICANT_TYPE,applicant type / legal form (new APPLICANT_TYPE class)
kulturdirektoratet_norway_51f931899871_1,APPLICANT_TYPE,applicant type / legal form (new APPLICANT_TYPE class)
kulturdirektoratet_norway_51f931899871_2,APPLICANT_TYPE,applicant type / legal form (new APPLICANT_TYPE class)
kulturdirektoratet_norway_51f931899871_3,APPLICANT_TYPE,applicant type / legal form (new APPLICANT_TYPE class)
vkkf_konkursu_grafiks_f32630f6a32d_0,APPLICANT_TYPE,applicant type / legal form (new APPLICANT_TYPE class)
fpu_slovakia_c225bfd4c2a2_4,APPLICANT_TYPE,applicant type / legal form (new APPLICANT_TYPE class)
fpu_slovakia_ca6ca107a312_0,APPLICANT_TYPE,applicant type / legal form (new APPLICANT_TYPE class)
fpu_slovakia_ca6ca107a312_1,APPLICANT_TYPE,applicant type / legal form (new APPLICANT_TYPE class)
fpu_slovakia_a78a2c72832b_0a,APPLICANT_TYPE,applicant type / legal form (new APPLICANT_TYPE class)
fpu_slovakia_fcdd8108067d_1,APPLICANT_TYPE,applicant type / legal form (new APPLICANT_TYPE class)
fpu_slovakia_fcdd8108067d_2,APPLICANT_TYPE,applicant type / legal form (new APPLICANT_TYPE class)
arts_council_wales_b3ec3ab6ac65_0a,APPLICANT_TYPE,applicant type / legal form (new APPLICANT_TYPE class)
arts_council_wales_b3ec3ab6ac65_1a,APPLICANT_TYPE,applicant type / legal form (new APPLICANT_TYPE class)
arts_council_wales_b3ec3ab6ac65_2,APPLICANT_TYPE,applicant type / legal form (new APPLICANT_TYPE class)
fpu_slovakia_d6c96b5ea377_1,APPLICANT_TYPE,applicant type / legal form (new APPLICANT_TYPE class)
fpu_slovakia_d6c96b5ea377_2,APPLICANT_TYPE,applicant type / legal form (new APPLICANT_TYPE class)
u_jazdowski_warsaw_ea8781efb99b_3,APPLICANT_TYPE,applicant type / legal form (new APPLICANT_TYPE class)
fpu_slovakia_68f877702488_1,APPLICANT_TYPE,applicant type / legal form (new APPLICANT_TYPE class)
fpu_slovakia_bd27a915f70d_2,APPLICANT_TYPE,applicant type / legal form (new APPLICANT_TYPE class)
national_culture_fund_bulgaria_8fca12fac738_2,APPLICANT_TYPE,applicant type / legal form (new APPLICANT_TYPE class)
kulturdirektoratet_norway_90a7593f042e_1,APPLICANT_TYPE,applicant type / legal form (new APPLICANT_TYPE class)
kulturdirektoratet_norway_90a7593f042e_2,APPLICANT_TYPE,applicant type / legal form (new APPLICANT_TYPE class)
kulturdirektoratet_norway_90a7593f042e_3,APPLICANT_TYPE,applicant type / legal form (new APPLICANT_TYPE class)
cite_internationale_des_arts_abfe03e1359b_3,APPLICANT_TYPE,applicant type / legal form (new APPLICANT_TYPE class)
nordic_culture_fund_a339ebc0734d_0,APPLICANT_TYPE,applicant type / legal form (new APPLICANT_TYPE class)
creative_ireland_e896d7db1d6a_0,APPLICANT_TYPE,applicant type / legal form (new APPLICANT_TYPE class)
creative_ireland_e896d7db1d6a_1,APPLICANT_TYPE,applicant type / legal form (new APPLICANT_TYPE class)
creative_ireland_e896d7db1d6a_5,APPLICANT_TYPE,applicant type / legal form (new APPLICANT_TYPE class)
kulturdirektoratet_norway_70fed813390a_0,APPLICANT_TYPE,applicant type / legal form (new APPLICANT_TYPE class)
fpu_slovakia_8937907cf806_0,APPLICANT_TYPE,applicant type / legal form (new APPLICANT_TYPE class)
fpu_slovakia_01dfd618f506_1,APPLICANT_TYPE,applicant type / legal form (new APPLICANT_TYPE class)
fpu_slovakia_2db15a64c5aa_1,APPLICANT_TYPE,applicant type / legal form (new APPLICANT_TYPE class)
fpu_slovakia_2db15a64c5aa_2,APPLICANT_TYPE,applicant type / legal form (new APPLICANT_TYPE class)
kulturdirektoratet_norway_1b92a135ec95_2,APPLICANT_TYPE,applicant type / legal form (new APPLICANT_TYPE class)
fpu_slovakia_6688426c1ecf_1,APPLICANT_TYPE,applicant type / legal form (new APPLICANT_TYPE class)
kulturdirektoratet_norway_f6cdbf3d62d8_0,APPLICANT_TYPE,applicant type / legal form (new APPLICANT_TYPE class)
fpu_slovakia_ea20c0b78bce_1,APPLICANT_TYPE,applicant type / legal form (new APPLICANT_TYPE class)
fpu_slovakia_792b87f4611b_1,APPLICANT_TYPE,applicant type / legal form (new APPLICANT_TYPE class)
fpu_slovakia_792b87f4611b_2,APPLICANT_TYPE,applicant type / legal form (new APPLICANT_TYPE class)
kulturdirektoratet_norway_25c45f0fbcb7_0,APPLICANT_TYPE,applicant type / legal form (new APPLICANT_TYPE class)
fpu_slovakia_5025c9a92d29_0,APPLICANT_TYPE,applicant type / legal form (new APPLICANT_TYPE class)
fpu_slovakia_5025c9a92d29_1,APPLICANT_TYPE,applicant type / legal form (new APPLICANT_TYPE class)
kulturdirektoratet_norway_c43308778cc6_0,APPLICANT_TYPE,applicant type / legal form (new APPLICANT_TYPE class)
kulturdirektoratet_norway_c43308778cc6_1,APPLICANT_TYPE,applicant type / legal form (new APPLICANT_TYPE class)
kulturdirektoratet_norway_c43308778cc6_2,APPLICANT_TYPE,applicant type / legal form (new APPLICANT_TYPE class)
kulturdirektoratet_norway_c43308778cc6_3,APPLICANT_TYPE,applicant type / legal form (new APPLICANT_TYPE class)
fpu_slovakia_f9777ed7efc1_1,APPLICANT_TYPE,applicant type / legal form (new APPLICANT_TYPE class)
fpu_slovakia_f9777ed7efc1_2,APPLICANT_TYPE,applicant type / legal form (new APPLICANT_TYPE class)
cite_internationale_des_arts_faaa6d16811c_2,APPLICANT_TYPE,applicant type / legal form (new APPLICANT_TYPE class)
fpu_slovakia_7d1dec061d0c_8,APPLICANT_TYPE,applicant type / legal form (new APPLICANT_TYPE class)
fpu_slovakia_196b091d363e_1,APPLICANT_TYPE,applicant type / legal form (new APPLICANT_TYPE class)
fpu_slovakia_2c7e23b1350c_1,APPLICANT_TYPE,applicant type / legal form (new APPLICANT_TYPE class)
fpu_slovakia_2c7e23b1350c_2,APPLICANT_TYPE,applicant type / legal form (new APPLICANT_TYPE class)
kulturdirektoratet_norway_c2fe46c33b4d_1,APPLICANT_TYPE,applicant type / legal form (new APPLICANT_TYPE class)
national_culture_fund_bulgaria_cb83dc97ab66_0,APPLICANT_TYPE,applicant type / legal form (new APPLICANT_TYPE class)
norwegian_crafts_ec6807d7b33a_0,APPLICANT_TYPE,applicant type / legal form (new APPLICANT_TYPE class)
norwegian_crafts_ec6807d7b33a_1,APPLICANT_TYPE,applicant type / legal form (new APPLICANT_TYPE class)
norwegian_crafts_ec6807d7b33a_8,APPLICANT_TYPE,applicant type / legal form (new APPLICANT_TYPE class)
kulturdirektoratet_norway_4d4eba8d85e6_0b,APPLICANT_TYPE,applicant type / legal form (new APPLICANT_TYPE class)
fpu_slovakia_71cbf1c2b550_1,APPLICANT_TYPE,applicant type / legal form (new APPLICANT_TYPE class)
mondriaan_fund_6d9761361246_13,APPLICANT_TYPE,applicant type / legal form (new APPLICANT_TYPE class)
fpu_slovakia_6d89252e8325_2,APPLICANT_TYPE,applicant type / legal form (new APPLICANT_TYPE class)
fpu_slovakia_c83c279bca0e_2,APPLICANT_TYPE,applicant type / legal form (new APPLICANT_TYPE class)
kulturdirektoratet_norway_3c165f1da95d_15,APPLICANT_TYPE,applicant type / legal form (new APPLICANT_TYPE class)
nordic_culture_point_9dc9950cca03_2,APPLICANT_TYPE,applicant type / legal form (new APPLICANT_TYPE class)
mondriaan_fund_4518b4e5d09e_0,APPLICANT_TYPE,applicant type / legal form (new APPLICANT_TYPE class)
kulturdirektoratet_norway_be23ac92343c_0,APPLICANT_TYPE,applicant type / legal form (new APPLICANT_TYPE class)
mk_statni_fond_kultury_cz_209b9ce5a11b_9,APPLICANT_TYPE,applicant type / legal form (new APPLICANT_TYPE class)
dgartes_portugal_111bdc1e2ebf_3b,PRIOR_FUNDING,"prior or concurrent funding, awards or participation (new PRIOR_FUNDING class)"
dgartes_portugal_111bdc1e2ebf_4,APPLICANT_TYPE,entity-type exclusion (foundations/associations) qualified by funding - follows the original annotator note
dgartes_portugal_111bdc1e2ebf_5,PRIOR_FUNDING,"prior or concurrent funding, awards or participation (new PRIOR_FUNDING class)"
mondriaan_fund_e52bef22781c_4,PRIOR_FUNDING,"prior or concurrent funding, awards or participation (new PRIOR_FUNDING class)"
kunstlerhaus_bethanien_25455ce5e85d_2,PRIOR_FUNDING,"prior or concurrent funding, awards or participation (new PRIOR_FUNDING class)"
kulturdirektoratet_norway_51f931899871_4,PRIOR_FUNDING,"prior or concurrent funding, awards or participation (new PRIOR_FUNDING class)"
bmwkms_austria_36f95e7e131b_3,PRIOR_FUNDING,"prior or concurrent funding, awards or participation (new PRIOR_FUNDING class)"
bmwkms_austria_36f95e7e131b_4,PRIOR_FUNDING,"prior or concurrent funding, awards or participation (new PRIOR_FUNDING class)"
national_culture_fund_bulgaria_8fca12fac738_7,PRIOR_FUNDING,"prior or concurrent funding, awards or participation (new PRIOR_FUNDING class)"
national_culture_fund_bulgaria_8fca12fac738_8,PRIOR_FUNDING,"prior or concurrent funding, awards or participation (new PRIOR_FUNDING class)"
national_culture_fund_bulgaria_8fca12fac738_12,PRIOR_FUNDING,"prior or concurrent funding, awards or participation (new PRIOR_FUNDING class)"
kulturdirektoratet_norway_90a7593f042e_4,PRIOR_FUNDING,"prior or concurrent funding, awards or participation (new PRIOR_FUNDING class)"
kulturdirektoratet_norway_e1b48f36972d_17,PRIOR_FUNDING,"prior or concurrent funding, awards or participation (new PRIOR_FUNDING class)"
kulturdirektoratet_norway_70fed813390a_2,PRIOR_FUNDING,"prior or concurrent funding, awards or participation (new PRIOR_FUNDING class)"
gasworks_london_1a43f6076c9a_0b,PRIOR_FUNDING,"prior or concurrent funding, awards or participation (new PRIOR_FUNDING class)"
dgartes_portugal_dd8e96231487_4,APPLICANT_TYPE,entity-type exclusion (foundations/associations) qualified by funding - follows the original annotator note
dgartes_portugal_dd8e96231487_5,PRIOR_FUNDING,"prior or concurrent funding, awards or participation (new PRIOR_FUNDING class)"
fpu_slovakia_5025c9a92d29_4,PRIOR_FUNDING,"prior or concurrent funding, awards or participation (new PRIOR_FUNDING class)"
mondriaan_fund_bccb4029c0d9_11,PRIOR_FUNDING,"prior or concurrent funding, awards or participation (new PRIOR_FUNDING class)"
mondriaan_fund_bccb4029c0d9_12,PRIOR_FUNDING,"prior or concurrent funding, awards or participation (new PRIOR_FUNDING class)"
mondriaan_fund_bccb4029c0d9_13,PRIOR_FUNDING,"prior or concurrent funding, awards or participation (new PRIOR_FUNDING class)"
fpu_slovakia_7d1dec061d0c_6,PRIOR_FUNDING,"prior or concurrent funding, awards or participation (new PRIOR_FUNDING class)"
national_culture_fund_bulgaria_d14ee5d6a3ee_0b,PRIOR_FUNDING,"prior or concurrent funding, awards or participation (new PRIOR_FUNDING class)"
kulturdirektoratet_norway_c2fe46c33b4d_2,PRIOR_FUNDING,"prior or concurrent funding, awards or participation (new PRIOR_FUNDING class)"
kulturdirektoratet_norway_4d4eba8d85e6_3,PRIOR_FUNDING,"prior or concurrent funding, awards or participation (new PRIOR_FUNDING class)"
focuna_luxembourg_d63b1cf9b11d_8,PRIOR_FUNDING,"prior or concurrent funding, awards or participation (new PRIOR_FUNDING class)"
kulturdirektoratet_norway_0524a2291eba_21,PRIOR_FUNDING,"prior or concurrent funding, awards or participation (new PRIOR_FUNDING class)"
kulturdirektoratet_norway_ab56b6e4b29a_4,PRIOR_FUNDING,"prior or concurrent funding, awards or participation (new PRIOR_FUNDING class)"
fpu_slovakia_bd27a915f70d_1,APPLICANT_TYPE,"organisation type defined by activity, not an artistic medium; identical sentence fpu_slovakia_f9777ed7efc1_1 was OTHER_ELIGIBILITY - now both APPLICANT_TYPE"
arts_council_wales_2c1de1c8af81_0a,APPLICANT_TYPE,"individuals and organisations, no artistic field named - applicant type, not DISCIPLINE"
kunststiftung_nrw_8cec63e1851f_3,PRIOR_FUNDING,previously rejected applications - same rule as mondriaan_fund_bccb4029c0d9_12
arts_council_wales_b3ec3ab6ac65_3,PRIOR_FUNDING,completion report on earlier funding required before reapplying - same rule as fpu_slovakia_7d1dec061d0c_6
nordic_culture_point_99a3ce7db217_3,APPLICANT_TYPE,groups/organisations/institutions only - follows the original annotator note ('no to single artist'); registration place is secondary
fpu_slovakia_c225bfd4c2a2_2,NONE,"list of what is not funded - round-2 adjudicated rule, excludes activities not applicants"
fpu_slovakia_c225bfd4c2a2_3,NONE,list of what is not funded - round-2 adjudicated rule
bmwkms_austria_9877daa33711_2,NONE,what the department does not fund - round-2 adjudicated rule
kulturdirektoratet_norway_0829c1124ca4_2,CAREER_STAGE,track record (international touring) - round-2 track-record pattern
kunst_dk_denmark_028cc37c2d3b_3,CAREER_STAGE,track record (at least one published work) - round-2 track-record pattern
kunsten_be_flanders_6f9b625b869d_4,CAREER_STAGE,organisation's years of existence first gate - round-2 org years-of-activity pattern
kunsten_be_flanders_1c78c30f66d3_1,NONE,NONE test (2026-09-30): 'multidisciplinary projects are also welcome' excludes no one - resolves the 2026-09-29 coin-flip
kunsten_be_flanders_1c78c30f66d3_2,NONE,NONE test (2026-09-30): welcomes project formats/themes - excludes no applicant
kunsten_be_flanders_4d016b2d08b2_0,NONE,"NONE test (2026-09-30): 'inviting anyone' to propose a performance - describes the project, excludes no applicant"
