chunk_id,chunk_text,claude_label,why_flagged,your_label,your_note
fpu_slovakia_bd27a915f70d_1,Organizations that systematically work on the upbringing and cultural education of children and youth.,APPLICANT_TYPE,"organisation type defined by activity, not an artistic medium; identical sentence fpu_slovakia_f9777ed7efc1_1 was OTHER_ELIGIBILITY - now both APPLICANT_TYPE",APPLICANT_TYPE,
arts_council_wales_2c1de1c8af81_0a,"Open to artists, creative practitioners and organisations.",APPLICANT_TYPE,"individuals and organisations, no artistic field named - applicant type, not DISCIPLINE",APPLICANT_TYPE,
kunststiftung_nrw_8cec63e1851f_3,rejected applications cannot be submitted a second time,PRIOR_FUNDING,previously rejected applications - same rule as mondriaan_fund_bccb4029c0d9_12,PRIOR_FUNDING,
arts_council_wales_b3ec3ab6ac65_3,Schools and pupil referral units can apply to the Go and See Fund more than once throughout the year but must submit completion reports before reapplying.,PRIOR_FUNDING,completion report on earlier funding required before reapplying - same rule as fpu_slovakia_7d1dec061d0c_6,PRIOR_FUNDING,
fpu_slovakia_c225bfd4c2a2_2,"Within Program 2, the following are not supported: creation and presentation of stage works, organization of local or regional events, activities of public higher education institutions (support may be requested only in Program 5), activities in the field of cultural-educational activity, material and technical equipment, if it does not directly relate to the implementation of the project.",NONE,"list of what is not funded - round-2 adjudicated rule, excludes activities not applicants",NONE,
fpu_slovakia_c225bfd4c2a2_3,"Support is not intended for: accompanying events that are not related to the original focus, projects aimed exclusively at education or research, unsystematic events without regard to artistic or professional level, technical equipment if it is not demonstrably part of the implementation of the project, events with a purely commercial focus or for a closed audience, the creation of works of art, unless, for example, site-specific art is involved.",NONE,list of what is not funded - round-2 adjudicated rule,NONE,
bmwkms_austria_9877daa33711_2,Events of the federal museums also do not fall within the remit of the department.,NONE,what the department does not fund - round-2 adjudicated rule,NONE,
kulturdirektoratet_norway_0829c1124ca4_2,Applicants should have experience with international touring and/or international collaboration.,CAREER_STAGE,track record (international touring) - round-2 track-record pattern,CAREER_STAGE,
kunst_dk_denmark_028cc37c2d3b_3,"The authors, illustrators and translators involved must have published at least one work in Danish.",CAREER_STAGE,track record (at least one published work) - round-2 track-record pattern,CAREER_STAGE,
kunsten_be_flanders_6f9b625b869d_4,CRITERIA FOR JOINING Applicant organisations must have been in existence for a minimum of three years and possess a legal entity status.,CAREER_STAGE,organisation's years of existence first gate - round-2 org years-of-activity pattern,CAREER_STAGE,
kunsten_be_flanders_1c78c30f66d3_1,Multidisciplinary projects are also welcome.,NONE,NONE test (2026-09-30): 'multidisciplinary projects are also welcome' excludes no one - resolves the 2026-09-29 coin-flip,NONE,
kunsten_be_flanders_1c78c30f66d3_2,"In addition, the embassy welcomes projects that explore innovative formats and presentation methods, cross-border cultural exchange, and initiatives that promote participation and inclusion, equal rights, and sustainability.",NONE,NONE test (2026-09-30): welcomes project formats/themes - excludes no applicant,NONE,
kunsten_be_flanders_4d016b2d08b2_0,"We are inviting anyone to send us a proposal to create a performance, character or small happening around the (social) aspects of drinking tea (ceremonial, historical, colonial, its gossipy aspect etc) to be presented during our Dress-up-tea-Party.",NONE,"NONE test (2026-09-30): 'inviting anyone' to propose a performance - describes the project, excludes no applicant",NONE,
fpu_slovakia_8937907cf806_0,Eligible applicants: Support is intended exclusively for public higher education institutions in the Slovak Republic that have authorisation to perform the activities they plan to implement within the project.,APPLICANT_TYPE,"you confirmed OTHER_ELIGIBILITY in round 2, before APPLICANT_TYPE existed - check the new class fits",APPLICANT_TYPE,
kulturdirektoratet_norway_1b92a135ec95_2,Grants are awarded to performing arts institutions that have staged new drama for an audience.,APPLICANT_TYPE,"you confirmed OTHER_ELIGIBILITY in round 2, before APPLICANT_TYPE existed - check the new class fits",APPLICANT_TYPE,
kulturdirektoratet_norway_25c45f0fbcb7_0,The scheme is aimed at smaller publishers of new Norwegian fiction.,APPLICANT_TYPE,"you confirmed OTHER_ELIGIBILITY in round 2, before APPLICANT_TYPE existed - check the new class fits",APPLICANT_TYPE,
fpu_slovakia_f9777ed7efc1_1,Organizations that systematically work on the upbringing and cultural education of children and youth.,APPLICANT_TYPE,"you confirmed OTHER_ELIGIBILITY in round 2, before APPLICANT_TYPE existed - check the new class fits",APPLICANT_TYPE,
norwegian_crafts_ec6807d7b33a_0,Norwegian galleries and independent exhibition spaces that are invited to participate in one of the listed art fairs,APPLICANT_TYPE,"you confirmed OTHER_ELIGIBILITY in round 2, before APPLICANT_TYPE existed - check the new class fits",APPLICANT_TYPE,
mondriaan_fund_6d9761361246_13,"As an exception, a foreign art institution can request a contribution to show work by master students in a visual arts programme or participants in post-academic institutions.",APPLICANT_TYPE,"you confirmed OTHER_ELIGIBILITY in round 2, before APPLICANT_TYPE existed - check the new class fits",APPLICANT_TYPE,
mondriaan_fund_4518b4e5d09e_0,Applications can be submitted by publicly accessible Dutch institutions that manage museum collections of national and international significance.,APPLICANT_TYPE,"you confirmed OTHER_ELIGIBILITY in round 2, before APPLICANT_TYPE existed - check the new class fits",APPLICANT_TYPE,
mk_statni_fond_kultury_cz_209b9ce5a11b_9,"In other words, entities that have a definitively established year-round publishing plan (magazines, publishing houses) or a closed plan of exhibitions, concerts, creation of new performances including the dates and conditions of their presentation.",APPLICANT_TYPE,"you confirmed OTHER_ELIGIBILITY in round 2, before APPLICANT_TYPE existed - check the new class fits",APPLICANT_TYPE,
kulturdirektoratet_norway_0c5dbb59de57_2,"We want to reach a broad range of publishers and publishing houses, and we encourage publishers/publishing houses that have not previously received grants from the Arts Council Norway to apply.",NONE,"round-3 targeted chunk, keyword hit labeled as another class: encouragement only, excludes no one (NONE test)",NONE,
kulturdirektoratet_norway_6fc6df3999f3_2,We encourage actors who have not previously received grants from the Arts Council to apply.,NONE,"round-3 targeted chunk, keyword hit labeled as another class: encouragement only, excludes no one (NONE test)",NONE,
kulturdirektoratet_norway_243ed398f83b_2,We do not provide grants for manuscript development and production of a book at the same time.,NONE,"round-3 targeted chunk, keyword hit labeled as another class: what is not funded - round-2 rule",NONE,
mondriaan_fund_2f611a04d139_3,"It is not possible to apply for a grant for regular activities, e.g.: continuing a project that was previously supported by the Fund, such as a new season of an existing (podcast) series. activities that are not distinctly recognisable as a separate project in terms of form and/or substance, such as a column with a new subject, but using a customary method. for individuals who, in addition to working as a visual artist, are also active as a curator, critic, social content creator or journalist, the project for which funding is being requested must clearly form part of their reflective practice, rather than their (regular) artistic practice.",NONE,"round-3 targeted chunk, keyword hit labeled as another class: what is not funded - round-2 rule",NONE,
deutscher_uebersetzerfonds_df2b0d082bbf_7,Translations whose publication is already excluded for copyright reasons cannot be funded (e.g. if another translator has already received a translation commission for the same work).,NONE,"round-3 targeted chunk, keyword hit labeled as another class: what is not funded (copyright) - round-2 rule",NONE,
kulturdirektoratet_norway_70e4f7b40cc2_1,"At the same time, it wishes to engage researchers and others with minority cultural backgrounds and experiences.",NONE,"round-3 targeted chunk, keyword hit labeled as another class: values statement",NONE,
kulturdirektoratet_norway_0b9dcc6cf9e4_2,"To apply for operating grants, you must be an enterprise with its own organization number, or a permanent activity that has its own name and budget and is part of a larger enterprise.",APPLICANT_TYPE,"round-3 targeted chunk, keyword hit labeled as another class: keyword false hit ('operating grants'); same template as kulturdirektoratet_norway_c43308778cc6_2",APPLICANT_TYPE,
kulturdirektoratet_norway_09df7dca2616_9,The candidate cannot be in an educational program relevant to the aspirant position for which grant is applied for at the same time as the planned aspirant period.,STUDENT_STATUS,"round-3 targeted chunk, keyword hit labeled as another class: keyword false hit ('at the same time')",EDUCATION,6
kunststiftung_nrw_ea16b408c349_0a,The grants are intended for practitioners of visual art from North Rhine-Westphalia,RESIDENCE,"round-3 targeted chunk, keyword hit labeled as another class: Option B split at the relative clause; 'public recognition' is track record, not funding",RESIDENCE,
kunststiftung_nrw_ea16b408c349_0b,who have already received public recognition.,CAREER_STAGE,"round-3 targeted chunk, keyword hit labeled as another class: Option B split at the relative clause; 'public recognition' is track record, not funding",CAREER_STAGE,
kunststiftung_nrw_6b36eed08299_1a,"It is aimed at professional artists whose center of life is in North Rhine-Westphalia,",RESIDENCE,"round-3 targeted chunk, keyword hit labeled as another class: Option B split at the relative clause; 'public recognition' is track record, not funding",RESIDENCE,
kunststiftung_nrw_6b36eed08299_1b,who have already received public recognition and can demonstrate initial professional success.,CAREER_STAGE,"round-3 targeted chunk, keyword hit labeled as another class: Option B split at the relative clause; 'public recognition' is track record, not funding",CAREER_STAGE,
kunststiftung_nrw_d84895c9fc5f_0a,"The call is open to professional artists with their primary residence in North Rhine-Westphalia,",RESIDENCE,"round-3 targeted chunk, keyword hit labeled as another class: Option B split at the relative clause; 'public recognition' is track record, not funding",RESIDENCE,
kunststiftung_nrw_d84895c9fc5f_0b,who have already received public recognition or can demonstrate initial professional success.,CAREER_STAGE,"round-3 targeted chunk, keyword hit labeled as another class: Option B split at the relative clause; 'public recognition' is track record, not funding",CAREER_STAGE,
nordic_culture_point_99a3ce7db217_3,"Groups, organisations, and institutions must be registered in a Nordic or Baltic country in order to apply.",APPLICANT_TYPE,moved to APPLICANT_TYPE following your round-1 note - check it isn't RESIDENCE (org-registration rule),APPLICANT_TYPE,
dgartes_portugal_111bdc1e2ebf_4,"Private foundations or public foundations under private law that have another type of continuous funding, ensured by the budget programme of the culture area, as well as associations mainly constituted by public entities and companies in the state business sector and of the autonomous regions, are not admitted to the tender procedure.",APPLICANT_TYPE,entity type vs prior funding - APPLICANT_TYPE chosen following the earlier note,APPLICANT_TYPE,
dgartes_portugal_dd8e96231487_4,"Private foundations or private-law public foundations that have another type of continuous funding, ensured by the budget programme of the culture area, as well as associations made up predominantly of public entities and companies in the State business sector and the autonomous regions, are not admitted to the tender procedure.",APPLICANT_TYPE,same sentence as dgartes_portugal_111bdc1e2ebf_4,APPLICANT_TYPE,
