chunk_id,chunk_text,labels,reason
bmwkms_austria_9877daa33711_0,"Associations, groups of artists (for associations/groups of artists with registered office abroad, the project must have a connection to Austria; individual persons with Austrian citizenship or permanent residence in Austria; submission of projects (exhibitions or other undertakings) that take place in institutions which already receive annual programme funding from the BMWKMS is not possible.",APPLICANT_TYPE|NATIONALITY|RESIDENCE,list of applicant types with Austrian citizenship/residence/registered office
bmwkms_austria_9877daa33711_1,"Individual persons with Austrian citizenship or permanent residence in Austria Associations, institutions or other legal entities with registered office in Austria for applicants with registered office abroad, the project or the artistic CV must have a connection to Austria undertakings that pursue a purely commercial intention are not recommended for funding, as are projects (exhibitions, publications, etc.) in commercial Austrian galleries/institutions, participation in trade fairs undertakings by persons who are still in training are not recommended for funding, as are projects by universities or projects within the framework of university studies projects or undertakings that are part of already funded annual programmes or projects cannot be recommended for funding funding of projects, exhibitions in/from Austrian territorial authorities and their institutions cannot be funded, and scholarship programmes of the Austrian federal provinces are also not supported.",APPLICANT_TYPE|NATIONALITY|RESIDENCE,"same list, second version"
cite_internationale_des_arts_434f3418899b_1,be a national and resident of an African country ;,NATIONALITY|RESIDENCE,national AND resident: two gates
cite_internationale_des_arts_b5503ba32c88_8,"Cultural and artistic organisations based in France or abroad, including art centres, associations, galleries, museums, artists’ studios, theatres, concert venues, production companies, record labels, research institutes, libraries, publishing houses, etc.",APPLICANT_TYPE,organisations; 'in France or abroad' restricts no place
cite_internationale_des_arts_b5503ba32c88_9,Priority is given to projects involving at least one cultural or artistic organisation based in the Paris Region (Île-de-France).,NONE,"priority, not exclusion"
cite_internationale_des_arts_0435714dd727_0,"Two formats are proposed and are open to artists and researchers of all nationalities, without an age limit.",NATIONALITY|AGE,explicit nationality and age waivers
european_cultural_foundation_ad15a329abd7_0,The fund prioritises cross-border partnerships between at least one Ukrainian-led organisation (operating in Ukraine or in exile) and at least one organisation based in a Creative Europe country .,NONE,"prioritises, not exclusion"
kunsten_be_flanders_fcf58267129d_0,Only artists/collectives based in Belgium are eligible,RESIDENCE,"artists/collectives: both kinds, not an applicant-type gate"
kunsten_be_flanders_3511fb00ced1_0,"You are an already existing, new or temporary collective of artists/artworkers based in Belgium with the desire to further develop your collective practice.",APPLICANT_TYPE|RESIDENCE,"a collective, based in Belgium"
kunsten_be_flanders_c218753995d0_0,"Participants: up to 3 artists and/or collectives, national and international Scope: performance, participatory practices, site-specific and community-based projects in urban space Conditions: shared accommodation and coworking space",NONE,participant count
kunsten_be_flanders_e9cea19ce978_0,"Artists and cultural professionals, who are: legally residing in one of the Creative Europe countries, including the overseas countries and territories and outermost regions 18 years of age or older active in one of the following sectors: architecture, cultural heritage, design and fashion design, literature, music, performing arts, and visual arts;",RESIDENCE|AGE|DISCIPLINE,"residing in CE country, 18+, listed sectors"
kunsten_be_flanders_4aedc4760cc0_0,"Creative professionals and artists aged 18+, based in a Creative Europe country outside the Netherlands, with a demonstrable connection to Czech culture.",AGE|RESIDENCE|OTHER_ELIGIBILITY,"18+, based in CE country, connection to Czech culture"
kunsten_be_flanders_28639c301034_3,"We are keen to embrace the unique ways in which artists, from all backgrounds, nationalities and generations, have seen, observed and depicted those living individuals who have returned their gaze or granted their presence as a model, an ideal or a subject.",NONE,thematic
kunsten_be_flanders_a851810c4e3c_0,"Artists, duos and collectives under 35 years old and based in Belgium can apply.",AGE|RESIDENCE,under 35 AND based in Belgium
kunsten_be_flanders_a5a634ac992c_0,"Conditions for participation being over the age of majority (18+) being a Belgian artist photographer and/or artists photographers residing in Belgium should demonstrate at least ONE of these two possibilities: – have a track record of professional practice as an artist (exhibitions, publications) – have an art school degree This call is open ONLY for original and unpublished projects / The works must be conceived, created, and produced specifically for this commission and presented for the first time at Hangar.",AGE|NATIONALITY|RESIDENCE|DISCIPLINE|CAREER_STAGE,"18+, Belgian or residing in Belgium, photographers, professional track record"
mondriaan_fund_3afe43141b61_1,"Anyone can apply, except for individual artists, art education institutions, post-graduate institutions and predominantly sales-oriented commercial art institutions.",APPLICANT_TYPE,excludes individual artists and some institution types
mondriaan_fund_3afe43141b61_2,"Applications may be submitted by, for example, institutions for visual arts, cultural heritage or design, municipalities, social and/or community organizations, such as (sports or retailers’) associations, schools, hospitals, churches, residents’ associations and foundations.",APPLICANT_TYPE,examples of eligible organisation types
mondriaan_fund_3324b2738f80_0,Organisations based in the Netherlands or Caribbean part of the Kingdom that do not aim to generate profit or sales.,APPLICANT_TYPE|RESIDENCE,non-profit organisations based in NL
nordic_culture_point_8b3a1cf01146_13,Please note that the programme is not open to: individuals sports organisations organisations or networks that neither consist of nor have experience of inclusive work with children and young people organisations or networks that are not based in the Nordic countries.,APPLICANT_TYPE|OTHER_ELIGIBILITY|RESIDENCE,"excludes individuals, sports orgs, orgs without inclusive work, orgs outside the Nordics"
nordic_culture_point_e5ff586e656e_5,The applicant must be resident in the Nordic Region but does not require Nordic citizenship.,RESIDENCE|NATIONALITY,"resident required, nationality waived"
het_nieuwe_instituut_702b7c1fa9ad_0,"We invite proposals from designers, makers, archivists, artists, researchers, cultural workers, educators, collectives, and students working across craft, design, and digital culture.",DISCIPLINE,"craft, design, digital culture"
nordic_culture_fund_ae44e082f513_0,To be eligible to apply for this programme you must be an individual artist or arts practitioner who is resident in: One of the Nordic countries One of the four nations of the UK The Republic of Ireland.,APPLICANT_TYPE|RESIDENCE,"individual artist, resident in listed countries"
arts_council_wales_ccdc0a35b8b6_0,Arts organisations and individual creative professionals based in Wales.,RESIDENCE,organisations and individuals: both kinds
arts_council_wales_ccdc0a35b8b6_1,Individuals and organisations based in Wales and working within the artforms we support .,RESIDENCE|DISCIPLINE,"based in Wales, supported artforms"
institut_francais_programs_0e6d2766c96e_0,"Applicants must be over 18 years of age , be proficient in French or English, and reside in South Africa, Benin, Cameroon, Ghana, Guinea, Kenya, Mali, Mozambique, Uganda, the Republic of the Congo, Rwanda or Senegal.",AGE|OTHER_ELIGIBILITY|RESIDENCE,"18+, French or English, resident in listed countries"
institut_francais_programs_7df741699916_0,"Program open to the following applicants African cultural institutions or organizations based in Africa that are undertaking a creative or outreach project, or organizing an event with an international scope taking place in Africa.",APPLICANT_TYPE|RESIDENCE,African institutions based in Africa
institut_francais_programs_7df741699916_8,"Artistic Creation and Collaborations AOCA can support two types of projects : Creative projects bringing together artists from at least three African countries (excluding the applicant’s country of residence) Artistic collaboration or co-production projects between an African artistic team and one or more French artists, companies, or cultural organizations .",NONE,project types
kunstlerhaus_bethanien_25455ce5e85d_0,"To apply, you must: be a New Zealand citizen or permanent resident have a strong national reputation as a visual artist, which means you have: - received critical recognition for your work, or - completed a body of work acknowledged for its artistic excellence You must be available to base yourself in Berlin between 15 January and 15 December 2027.",NATIONALITY|RESIDENCE|CAREER_STAGE|DISCIPLINE,"NZ citizen or permanent resident, national reputation as visual artist"
arts_council_wales_f8da4d62c750_5,An arts/cultural organisation based in Wales.,APPLICANT_TYPE|RESIDENCE,organisation based in Wales
fpu_slovakia_a7fd71d13fd3_0,"Eligible applicants are legal entities and natural persons operating in the field of art and culture, aged 18–26 years.",AGE|DISCIPLINE,same as the split fpu_slovakia_df1a50b7b76a_0
matadero_madrid_e7f0c61fb700_0,"Any producer and/or director, any natural or legal person, over 18 years old, who hold the rights to the works and have previously undergone the selection process, may participate.",AGE|DISCIPLINE|OTHER_ELIGIBILITY|PRIOR_FUNDING,"producer/director, 18+, holds rights, previously selected"
matadero_madrid_25c8a4ecf086_4,"Whether the applicant is an individual, a collective, or an agent, the submitted project must reflect their own research and creative process, be coherent with their trajectory, and demonstrate the capacity to be developed within the context of an in-person residency at the Matadero Madrid Centre for Artists in Residence (hereinafter, the CRA).",NONE,project quality
matadero_madrid_68fd1c2a018a_6,"Persons of legal age, with capacity to act and legal residence in Spain, and who do not incur in any of the prohibitions on contracting established in article 71 of the Public Sector Contracts Law, may apply to this call.",AGE|RESIDENCE|OTHER_ELIGIBILITY,"legal age, legal residence in Spain, no contracting prohibitions"
matadero_madrid_7f9204014413_0,"Only natural persons, of legal age, with legal capacity to act and legal residence in Spain, and who do not incur in any of the prohibitions on contracting established in article 71 of the Public Sector Contracts Law, and who have their residence or main area of activity in the Community of Madrid, as evidenced by their documentation or career, may apply.",APPLICANT_TYPE|AGE|RESIDENCE|OTHER_ELIGIBILITY,"natural persons, legal age, residence in Spain/Madrid, no prohibitions"
matadero_madrid_b60daccaf965_0,"This call is aimed at individual or collective creators of visual arts, who work on issues related to the environment, and who have their residence or main area of action in the Community of Madrid and/or in Spain, and whose documentation or career accredits such circumstance.",DISCIPLINE|RESIDENCE,"visual arts creators, residence in Madrid and/or Spain"
matadero_madrid_b60daccaf965_4,"Only those natural persons, of legal age, with legal residence in Spain, with capacity to act and who do not incur in any of the prohibitions on contracting established in article 71 of the Public Sector Contracts Law may apply.",APPLICANT_TYPE|AGE|RESIDENCE|OTHER_ELIGIBILITY,"natural persons, legal age, legal residence in Spain, no prohibitions"
matadero_madrid_842ddf06c95d_3,"Only natural persons of legal age, with the capacity to act and who are not subject to any of the prohibitions to contract set forth in article 71 of the Public Sector Contracts Act may apply.",APPLICANT_TYPE|AGE|OTHER_ELIGIBILITY,"natural persons, legal age, no prohibitions"
konstepidemin_0e20784714d5_5,The selected artist becomes a member of Konstepidemin and is required to take an active take part in the organization and its duties.,NONE,obligation after selection
fundacao_gulbenkian_0089a729f2c8_4,Only applicants to legally recognised Portuguese higher education institutions and duly accredited and registered study programmes will be considered.,STUDENT_STATUS,place of study is a detail of enrolment (round-2 precedent)
cite_internationale_des_arts_b5503ba32c88_5,Applications submitted directly by artists are not eligible.,APPLICANT_TYPE,artists cannot apply directly
mondriaan_fund_8e2af8800941_13,The valuation must be carried out by an independent valuer who has no ties with the applying institution.,NONE,valuer independence
kunsten_be_flanders_6aad32a7d163_1,You are not (or no longer) studying.,STUDENT_STATUS,not studying
kunsten_be_flanders_b363b1956897_0,"The SOFAM grants are destined for professional visual artists in Belgium, who are a member of SOFAM or who plan to join.",CAREER_STAGE|DISCIPLINE|RESIDENCE|OTHER_ELIGIBILITY,"professional visual artists in Belgium, SOFAM members"
kunsten_be_flanders_3511fb00ced1_2,3 artists or art workers.,NONE,fragment: collective size
norwegian_crafts_ec6807d7b33a_3,must present at least one Norwegian or Norway-based contemporary artist,OTHER_ELIGIBILITY,"condition on the presented artist, not the applicant"
fundacao_gulbenkian_641becbe2421_0,Applicants must be: Studying or based in Armenia.,RESIDENCE,studying or based in Armenia: alternatives of one location gate (Hesse precedent)
culture_gouv_fr_1pct_36fcf9b8113a_8,Be carried by a public authority subject to the obligation to decorate public buildings or by a local authority or a public establishment having applied one of the procedures described in articles R.,APPLICANT_TYPE,public authorities
deutscher_uebersetzerfonds_cede17c64b0b_0,experienced colleagues,CAREER_STAGE,experienced
cite_internationale_des_arts_e11fb6c17d73_0,"Trame is open to artists of all nationalities, including French artists.",NATIONALITY,explicit nationality waiver
cite_internationale_des_arts_b5503ba32c88_7,"Organisations that can act as partner organisations: The French cultural network abroad: French Institutes, French Alliances and Cultural Departments of French Embassies;",OTHER_ELIGIBILITY,who can be the partner organisation
fundacao_gulbenkian_641becbe2421_2,"A Master’s or PhD student, or a researcher from Armenia, wishing to attend international conferences, seminars, short-term courses or undertake research trips related to their field of study.",RESIDENCE,"student OR researcher from Armenia: student status is an alternative, not a gate"
kunsten_be_flanders_ab2801ef4c6f_4,Proposals aimed at a young audience are also eligible.,NONE,"audience, not applicant"
kunsten_be_flanders_d4dcb3347320_0,an open call aimed at artists and creators based in Belgium.,RESIDENCE,based in Belgium
fonds_darstellende_kuenste_f0c7519ab84c_2,"Eligible to apply from the alliance are: protagonists of all genres and departments of the independent performing arts (performance, theater, dance, music theater, puppet and object theater, theater in public space, contemporary circus, digital performing arts, among others).",DISCIPLINE,independent performing arts
national_culture_fund_bulgaria_eee77c7391a4_7,Persons and organizations sanctioned under Art.,OTHER_ELIGIBILITY,sanctioned persons
rannis_iceland_8c97d0bb99e2_1,Foreign applicants mustprovide evidence of similar registration of their activities in another country.,OTHER_ELIGIBILITY,registration evidence
kunsten_be_flanders_5d9b2594f95d_5,"Note: Artists with extensive experience in digital arts may be considered overqualified, as the programme’s primary goal is to provide a space for growth, experimentation, and the acquisition of new technical and critical skills.",CAREER_STAGE,overqualified
deutscher_uebersetzerfonds_fd2461c9db20_2,Knowledge of English and French is welcome.,NONE,"welcome, not required"
kunsten_be_flanders_2ed3f7c14414_0,Visual Artists Active in visual arts or in trans­disciplinary performing arts Demonstrating a high artistic quality With a solid professional career in Belgium You Should Be available on 4 April 2026 for an introductory meeting in Hasselt Be free to travel for the duration of the program: 7 – 12 June 2026 Hold a Belgian nationality or have lived in Belgium for at least 3 years Prepare your own portfolio,DISCIPLINE|CAREER_STAGE|OTHER_ELIGIBILITY,"visual artists, solid professional career, availability"
institut_francais_programs_a1be94dd76a0_5,"Foreign cultural institutions or organizations hosting French artists (festivals, biennials, museums, art centers, labels, distributors, publishers…).",APPLICANT_TYPE|RESIDENCE,foreign institutions: org descriptor -> RESIDENCE
can_serrat_7af35b9c036f_0,The international residency program invites writers and contemporary artists from around the world to take part in short- and medium-term residencies.,DISCIPLINE,writers and contemporary artists
mondriaan_fund_8e2af8800941_15,Dutch museums are not charged loan fees.,NONE,loan fees
akademie_schloss_solitude_a8aba5b303e4_8,"Applicants who are still in education or enrolled in a degree program (with the exception of doctoral candidates), as well as applicants who already hold a full professorship at a university, are excluded from the selection process.",STUDENT_STATUS|CAREER_STAGE,"enrolled excluded, full professors excluded"
mondriaan_fund_2f611a04d139_7,It is not possible to apply for a grant for making profiles or portraits of artists.,NONE,project type
kunststiftung_nrw_90bd18478223_0,Only persons who live in NRW and have a professional work biography are eligible to apply.,RESIDENCE|CAREER_STAGE,live in NRW AND professional biography
konstepidemin_0e20784714d5_4,The artist is required to actively use the studio as their primary workplace.,NONE,obligation after selection
mondriaan_fund_2f611a04d139_6,It is not possible to apply for a grant for television or film productions.,NONE,project type
kunststiftung_nrw_d84895c9fc5f_3,Residency is mandatory.,NONE,attendance of the residency
statens_vaerksteder_for_kunst_a543d1a88fd3_1,"Non-Danish applicants may only apply with projects directed towards a specific exhibition or other cultural activity in Denmark, which has already been accepted.",OTHER_ELIGIBILITY,"condition for non-Danish applicants, not an exclusion of them"
fundacao_gulbenkian_9db5c1bb86df_0,"Only Portuguese Higher Education Institutions (HEIs) are eligible, and the proposed academic activities must take place in Portugal.",APPLICANT_TYPE|RESIDENCE,Portuguese HEIs only
nordic_culture_point_98a22945e2cb_0,"Anyone within the field of art and culture can apply, as long as the project meets the programme criteria and is realised by way of co-operation with partners from at least three countries, at least two of which must be Nordic.",OTHER_ELIGIBILITY,partner-country condition
nordic_culture_point_8b3a1cf01146_3,"The applicant does not need to be a young person but must represent an organisation that either consists of, or has experience of involving, children and young people.",AGE|APPLICANT_TYPE,"age waived, must represent an organisation"
kunststiftung_nrw_72dbd2a3195b_7,"Applicants with a connection to the federal state of NRW must have completed a university degree (Master, Diplom, Magister, or doctorate; art history, art, cultural studies, or similar); furthermore, their degree must not be more than five years old at the start of the scholarship, or they must not be older than 35 years.",EDUCATION|STUDENT_STATUS,"degree required, at most five years old"
cite_internationale_des_arts_bf7ba52adf73_4,Who are able to engage with a diverse audience,NONE,soft skill
kulturdirektoratet_norway_249e90c0e25b_0,Publishers and other publishers with a Norwegian organisation number can submit books to this scheme.,APPLICANT_TYPE|RESIDENCE,publishers with Norwegian organisation number
